town,district,governorate,tourism_index,cafes,restaurants,hotels,guest_houses,total_establishments,attraction_exists,tourism_group,observation
AAridet Cheikh Zennad,Akkar,Akkar,0,0,0,0,0,0,0,Index below 8,http://linked.aub.edu.lb/CODEC/Lebanon/observation/Tourism-AAridet+Cheikh+Zennad
Aain Ez-Zeit,Akkar,Akkar,3,3,0,0,0,3,0,Index below 8,http://linked.aub.edu.lb/CODEC/Lebanon/observation/Tourism-Aain+Ez-Zeit
Aain Tinta,Akkar,Akkar,3,1,0,0,0,1,0,Index below 8,http://linked.aub.edu.lb/CODEC/Lebanon/observation/Tourism-Aain+Tinta
Aain Yaaqoub,Akkar,Akkar,0,0,0,0,0,0,1,Index below 8,http://linked.aub.edu.lb/CODEC/Lebanon/observation/Tourism-Aain+Yaaqoub
Aaiyat,Akkar,Akkar,3,3,0,0,0,3,0,Index below 8,http://linked.aub.edu.lb/CODEC/Lebanon/observation/Tourism-Aaiyat
Aakkar El-Aatiqa,Akkar,Akkar,7,20,6,0,4,30,1,Index below 8,http://linked.aub.edu.lb/CODEC/Lebanon/observation/Tourism-Aakkar+El-Aatiqa
Aamaret El-Baykat,Akkar,Akkar,6,3,3,0,0,6,0,Index below 8,http://linked.aub.edu.lb/CODEC/Lebanon/observation/Tourism-Aamaret+El-Baykat
Aamayer,Akkar,Akkar,6,3,2,0,0,5,0,Index below 8,http://linked.aub.edu.lb/CODEC/Lebanon/observation/Tourism-Aamayer
Aandqet,Akkar,Akkar,7,2,2,0,2,6,0,Index below 8,http://linked.aub.edu.lb/CODEC/Lebanon/observation/Tourism-Aandqet
Aaouaainat Aakkar,Akkar,Akkar,0,0,0,0,0,0,0,Index below 8,http://linked.aub.edu.lb/CODEC/Lebanon/observation/Tourism-Aaouaainat+Aakkar
Aarqa,Akkar,Akkar,0,0,0,0,0,0,0,Index below 8,http://linked.aub.edu.lb/CODEC/Lebanon/observation/Tourism-Aarqa
Aayoun Aakkar,Akkar,Akkar,6,4,2,0,0,6,0,Index below 8,http://linked.aub.edu.lb/CODEC/Lebanon/observation/Tourism-Aayoun+Aakkar
Aayoun El-Ghizlane,Akkar,Akkar,0,0,0,0,0,0,1,Index below 8,http://linked.aub.edu.lb/CODEC/Lebanon/observation/Tourism-Aayoun+El-Ghizlane
Amara,Akkar,Akkar,3,4,0,0,0,4,0,Index below 8,http://linked.aub.edu.lb/CODEC/Lebanon/observation/Tourism-Amara
Baghdadi,Akkar,Akkar,3,2,0,0,0,2,0,Index below 8,http://linked.aub.edu.lb/CODEC/Lebanon/observation/Tourism-Baghdadi
Basateen Aakar,Akkar,Akkar,3,1,0,0,0,1,0,Index below 8,http://linked.aub.edu.lb/CODEC/Lebanon/observation/Tourism-Basateen+Aakar
Bebnine,Akkar,Akkar,7,5,2,0,3,10,0,Index below 8,http://linked.aub.edu.lb/CODEC/Lebanon/observation/Tourism-Bebnine
Beino,Akkar,Akkar,9,2,3,2,0,7,0,High index (8-10),http://linked.aub.edu.lb/CODEC/Lebanon/observation/Tourism-Beino
Beit Ayoub,Akkar,Akkar,3,2,0,0,0,2,0,Index below 8,http://linked.aub.edu.lb/CODEC/Lebanon/observation/Tourism-Beit+Ayoub
Beit El Haj,Akkar,Akkar,0,0,0,0,0,0,0,Index below 8,http://linked.aub.edu.lb/CODEC/Lebanon/observation/Tourism-Beit+El+Haj
Beit El-Haouch,Akkar,Akkar,0,0,0,0,0,0,0,Index below 8,http://linked.aub.edu.lb/CODEC/Lebanon/observation/Tourism-Beit+El-Haouch
Beit Mellat,Akkar,Akkar,9,1,1,1,0,3,1,High index (8-10),http://linked.aub.edu.lb/CODEC/Lebanon/observation/Tourism-Beit+Mellat
Beit Younes,Akkar,Akkar,0,0,0,0,0,0,0,Index below 8,http://linked.aub.edu.lb/CODEC/Lebanon/observation/Tourism-Beit+Younes
Berbara Aakkar,Akkar,Akkar,0,0,0,0,0,0,0,Index below 8,http://linked.aub.edu.lb/CODEC/Lebanon/observation/Tourism-Berbara+Aakkar
Bezbina,Akkar,Akkar,3,3,0,0,0,3,1,Index below 8,http://linked.aub.edu.lb/CODEC/Lebanon/observation/Tourism-Bezbina
Biret Aakkar,Akkar,Akkar,9,6,3,1,0,10,1,High index (8-10),http://linked.aub.edu.lb/CODEC/Lebanon/observation/Tourism-Biret+Aakkar
Borj Aakkar,Akkar,Akkar,7,2,6,0,1,9,0,Index below 8,http://linked.aub.edu.lb/CODEC/Lebanon/observation/Tourism-Borj+Aakkar
Bourj El Arab,Akkar,Akkar,6,4,5,0,0,9,1,Index below 8,http://linked.aub.edu.lb/CODEC/Lebanon/observation/Tourism-Bourj+El+Arab
Boustane Heresh,Akkar,Akkar,0,0,0,0,0,0,0,Index below 8,http://linked.aub.edu.lb/CODEC/Lebanon/observation/Tourism-Boustane+Heresh
Bqerzla,Akkar,Akkar,6,2,5,0,0,7,1,Index below 8,http://linked.aub.edu.lb/CODEC/Lebanon/observation/Tourism-Bqerzla
Bzal,Akkar,Akkar,3,4,0,0,0,4,0,Index below 8,http://linked.aub.edu.lb/CODEC/Lebanon/observation/Tourism-Bzal
Chadra,Akkar,Akkar,6,3,2,0,0,5,0,Index below 8,http://linked.aub.edu.lb/CODEC/Lebanon/observation/Tourism-Chadra
Chane,Akkar,Akkar,3,2,0,0,0,2,0,Index below 8,http://linked.aub.edu.lb/CODEC/Lebanon/observation/Tourism-Chane
Chaqdouf,Akkar,Akkar,3,1,0,0,0,1,0,Index below 8,http://linked.aub.edu.lb/CODEC/Lebanon/observation/Tourism-Chaqdouf
Charbila,Akkar,Akkar,6,1,1,0,0,2,0,Index below 8,http://linked.aub.edu.lb/CODEC/Lebanon/observation/Tourism-Charbila
Cheikh Ayash,Akkar,Akkar,0,0,0,0,0,0,0,Index below 8,http://linked.aub.edu.lb/CODEC/Lebanon/observation/Tourism-Cheikh+Ayash
Cheikh Mohammad,Akkar,Akkar,3,7,0,0,0,7,0,Index below 8,http://linked.aub.edu.lb/CODEC/Lebanon/observation/Tourism-Cheikh+Mohammad
Cheikh Taba,Akkar,Akkar,0,0,0,0,0,0,0,Index below 8,http://linked.aub.edu.lb/CODEC/Lebanon/observation/Tourism-Cheikh+Taba
Cheikh Zennad,Akkar,Akkar,0,0,0,0,0,0,0,Index below 8,http://linked.aub.edu.lb/CODEC/Lebanon/observation/Tourism-Cheikh+Zennad
Cheikhlar,Akkar,Akkar,6,3,2,0,0,5,0,Index below 8,http://linked.aub.edu.lb/CODEC/Lebanon/observation/Tourism-Cheikhlar
Daghleh,Akkar,Akkar,0,0,0,0,0,0,0,Index below 8,http://linked.aub.edu.lb/CODEC/Lebanon/observation/Tourism-Daghleh
Dahr El-Qanbar,Akkar,Akkar,0,0,0,0,0,0,0,Index below 8,http://linked.aub.edu.lb/CODEC/Lebanon/observation/Tourism-Dahr+El-Qanbar
Dahr Laissine,Akkar,Akkar,6,1,2,0,0,3,0,Index below 8,http://linked.aub.edu.lb/CODEC/Lebanon/observation/Tourism-Dahr+Laissine
Daoura,Akkar,Akkar,0,0,0,0,0,0,0,Index below 8,http://linked.aub.edu.lb/CODEC/Lebanon/observation/Tourism-Daoura
Darine,Akkar,Akkar,0,0,0,0,0,0,0,Index below 8,http://linked.aub.edu.lb/CODEC/Lebanon/observation/Tourism-Darine
Deir Dalloum,Akkar,Akkar,6,4,5,0,0,9,1,Index below 8,http://linked.aub.edu.lb/CODEC/Lebanon/observation/Tourism-Deir+Dalloum
Deir Jannine,Akkar,Akkar,6,1,2,0,0,3,1,Index below 8,http://linked.aub.edu.lb/CODEC/Lebanon/observation/Tourism-Deir+Jannine
Dibbabiyeh,Akkar,Akkar,6,4,3,0,0,7,0,Index below 8,http://linked.aub.edu.lb/CODEC/Lebanon/observation/Tourism-Dibbabiyeh
Douair Aadouiyeh,Akkar,Akkar,0,0,0,0,0,0,0,Index below 8,http://linked.aub.edu.lb/CODEC/Lebanon/observation/Tourism-Douair+Aadouiyeh
Ein el Dahab,Akkar,Akkar,3,3,0,0,0,3,0,Index below 8,http://linked.aub.edu.lb/CODEC/Lebanon/observation/Tourism-Ein+el+Dahab
En-Nahriyyi,Akkar,Akkar,0,0,0,0,0,0,1,Index below 8,http://linked.aub.edu.lb/CODEC/Lebanon/observation/Tourism-En-Nahriyyi
Fard,Akkar,Akkar,0,0,0,0,0,0,0,Index below 8,http://linked.aub.edu.lb/CODEC/Lebanon/observation/Tourism-Fard
Fnaydek,Akkar,Akkar,10,10,2,1,10,23,1,High index (8-10),http://linked.aub.edu.lb/CODEC/Lebanon/observation/Tourism-Fnaydek
Fraides,Akkar,Akkar,3,2,0,0,0,2,0,Index below 8,http://linked.aub.edu.lb/CODEC/Lebanon/observation/Tourism-Fraides
Ghazayleh,Akkar,Akkar,0,0,0,0,0,0,1,Index below 8,http://linked.aub.edu.lb/CODEC/Lebanon/observation/Tourism-Ghazayleh
Hakour,Akkar,Akkar,9,3,3,1,0,7,0,High index (8-10),http://linked.aub.edu.lb/CODEC/Lebanon/observation/Tourism-Hakour
Halba,Akkar,Akkar,6,20,5,0,0,25,0,Index below 8,http://linked.aub.edu.lb/CODEC/Lebanon/observation/Tourism-Halba
Hayshe,Akkar,Akkar,0,0,0,0,0,0,0,Index below 8,http://linked.aub.edu.lb/CODEC/Lebanon/observation/Tourism-Hayshe
Hayssa,Akkar,Akkar,6,1,3,0,0,4,0,Index below 8,http://linked.aub.edu.lb/CODEC/Lebanon/observation/Tourism-Hayssa
Haytla,Akkar,Akkar,0,0,0,0,0,0,0,Index below 8,http://linked.aub.edu.lb/CODEC/Lebanon/observation/Tourism-Haytla
Hayzouq,Akkar,Akkar,3,3,0,0,0,3,1,Index below 8,http://linked.aub.edu.lb/CODEC/Lebanon/observation/Tourism-Hayzouq
Hedd,Akkar,Akkar,3,1,0,0,0,1,0,Index below 8,http://linked.aub.edu.lb/CODEC/Lebanon/observation/Tourism-Hedd
Hmaireh Aakkar,Akkar,Akkar,3,2,0,0,0,2,1,Index below 8,http://linked.aub.edu.lb/CODEC/Lebanon/observation/Tourism-Hmaireh+Aakkar
Hocheb,Akkar,Akkar,6,2,1,0,0,3,0,Index below 8,http://linked.aub.edu.lb/CODEC/Lebanon/observation/Tourism-Hocheb
Houaich,Akkar,Akkar,0,0,0,0,0,0,1,Index below 8,http://linked.aub.edu.lb/CODEC/Lebanon/observation/Tourism-Houaich
Hrar,Akkar,Akkar,9,10,4,1,0,15,0,High index (8-10),http://linked.aub.edu.lb/CODEC/Lebanon/observation/Tourism-Hrar
Idbil,Akkar,Akkar,6,4,4,0,0,8,0,Index below 8,http://linked.aub.edu.lb/CODEC/Lebanon/observation/Tourism-Idbil
Ilat,Akkar,Akkar,3,2,0,0,0,2,1,Index below 8,http://linked.aub.edu.lb/CODEC/Lebanon/observation/Tourism-Ilat
Jdidet Ej-Joumeh,Akkar,Akkar,3,2,0,0,0,2,1,Index below 8,http://linked.aub.edu.lb/CODEC/Lebanon/observation/Tourism-Jdidet+Ej-Joumeh
Jebrayel,Akkar,Akkar,6,3,0,1,0,4,0,Index below 8,http://linked.aub.edu.lb/CODEC/Lebanon/observation/Tourism-Jebrayel
Jermanya,Akkar,Akkar,6,2,2,0,0,4,0,Index below 8,http://linked.aub.edu.lb/CODEC/Lebanon/observation/Tourism-Jermanya
Kafr Harra,Akkar,Akkar,3,4,0,0,0,4,0,Index below 8,http://linked.aub.edu.lb/CODEC/Lebanon/observation/Tourism-Kafr+Harra
Kafrnoun,Akkar,Akkar,0,0,0,0,0,0,0,Index below 8,http://linked.aub.edu.lb/CODEC/Lebanon/observation/Tourism-Kafrnoun
Karm Zebdine,Akkar,Akkar,0,0,0,0,0,0,0,Index below 8,http://linked.aub.edu.lb/CODEC/Lebanon/observation/Tourism-Karm+Zebdine
Kfartoun,Akkar,Akkar,6,12,2,0,0,14,0,Index below 8,http://linked.aub.edu.lb/CODEC/Lebanon/observation/Tourism-Kfartoun
Khat el Petrol,Akkar,Akkar,1,0,0,0,1,1,0,Index below 8,http://linked.aub.edu.lb/CODEC/Lebanon/observation/Tourism-Khat+el+Petrol
Khirbet Char,Akkar,Akkar,7,3,4,0,1,8,0,Index below 8,http://linked.aub.edu.lb/CODEC/Lebanon/observation/Tourism-Khirbet+Char
Khirbet Daoud Aakkar,Akkar,Akkar,0,0,0,0,0,0,0,Index below 8,http://linked.aub.edu.lb/CODEC/Lebanon/observation/Tourism-Khirbet+Daoud+Aakkar
Khirbet Jord,Akkar,Akkar,0,0,0,0,0,0,0,Index below 8,http://linked.aub.edu.lb/CODEC/Lebanon/observation/Tourism-Khirbet+Jord
Khreibet Ej-Jindi,Akkar,Akkar,3,6,0,0,0,6,0,Index below 8,http://linked.aub.edu.lb/CODEC/Lebanon/observation/Tourism-Khreibet+Ej-Jindi
Kneisset Aakkar,Akkar,Akkar,0,0,0,0,0,0,0,Index below 8,http://linked.aub.edu.lb/CODEC/Lebanon/observation/Tourism-Kneisset+Aakkar
Kouachra,Akkar,Akkar,6,8,1,0,0,9,1,Index below 8,http://linked.aub.edu.lb/CODEC/Lebanon/observation/Tourism-Kouachra
Koueikhat,Akkar,Akkar,6,2,2,0,0,4,0,Index below 8,http://linked.aub.edu.lb/CODEC/Lebanon/observation/Tourism-Koueikhat
Kroum El-Aarab,Akkar,Akkar,6,1,1,0,0,2,0,Index below 8,http://linked.aub.edu.lb/CODEC/Lebanon/observation/Tourism-Kroum+El-Aarab
Machha,Akkar,Akkar,3,5,0,0,0,5,1,Index below 8,http://linked.aub.edu.lb/CODEC/Lebanon/observation/Tourism-Machha
Machta Hammoud,Akkar,Akkar,3,5,0,0,0,5,0,Index below 8,http://linked.aub.edu.lb/CODEC/Lebanon/observation/Tourism-Machta+Hammoud
Machta Hassan,Akkar,Akkar,3,4,0,0,0,4,0,Index below 8,http://linked.aub.edu.lb/CODEC/Lebanon/observation/Tourism-Machta+Hassan
Majdala,Akkar,Akkar,0,0,0,0,0,0,0,Index below 8,http://linked.aub.edu.lb/CODEC/Lebanon/observation/Tourism-Majdala
Mansoura,Akkar,Akkar,4,1,0,0,1,2,0,Index below 8,http://linked.aub.edu.lb/CODEC/Lebanon/observation/Tourism-Mansoura+
Massaaoudiyeh,Akkar,Akkar,3,4,0,0,0,4,0,Index below 8,http://linked.aub.edu.lb/CODEC/Lebanon/observation/Tourism-Massaaoudiyeh
Mazareaa Jabal Akroum,Akkar,Akkar,6,10,2,0,0,12,1,Index below 8,http://linked.aub.edu.lb/CODEC/Lebanon/observation/Tourism-Mazareaa+Jabal+Akroum
Mazraat Balda,Akkar,Akkar,3,6,0,0,0,6,1,Index below 8,http://linked.aub.edu.lb/CODEC/Lebanon/observation/Tourism-Mazraat+Balda
Mazraat Bani Sakher,Akkar,Akkar,1,0,0,0,3,3,0,Index below 8,http://linked.aub.edu.lb/CODEC/Lebanon/observation/Tourism-Mazraat+Bani+Sakher
Mazraat Beit Ghattas,Akkar,Akkar,3,0,2,0,0,2,0,Index below 8,http://linked.aub.edu.lb/CODEC/Lebanon/observation/Tourism-Mazraat+Beit+Ghattas
Menneaa,Akkar,Akkar,0,0,0,0,0,0,0,Index below 8,http://linked.aub.edu.lb/CODEC/Lebanon/observation/Tourism-Menneaa
Mhammaret,Akkar,Akkar,3,0,3,0,0,3,1,Index below 8,http://linked.aub.edu.lb/CODEC/Lebanon/observation/Tourism-Mhammaret
Michmich Jbeil,Akkar,Akkar,6,8,1,0,0,9,1,Index below 8,http://linked.aub.edu.lb/CODEC/Lebanon/observation/Tourism-Michmich+Jbeil
Minyara,Akkar,Akkar,7,5,5,0,1,11,1,Index below 8,http://linked.aub.edu.lb/CODEC/Lebanon/observation/Tourism-Minyara
Moqaylbeh,Akkar,Akkar,3,4,0,0,0,4,0,Index below 8,http://linked.aub.edu.lb/CODEC/Lebanon/observation/Tourism-Moqaylbeh
Mouanse,Akkar,Akkar,3,3,0,0,0,3,0,Index below 8,http://linked.aub.edu.lb/CODEC/Lebanon/observation/Tourism-Mouanse
Mounjez,Akkar,Akkar,4,3,0,0,5,8,1,Index below 8,http://linked.aub.edu.lb/CODEC/Lebanon/observation/Tourism-Mounjez
Mqaiteaa,Akkar,Akkar,4,0,2,0,1,3,0,Index below 8,http://linked.aub.edu.lb/CODEC/Lebanon/observation/Tourism-Mqaiteaa
Mrah Kwakh,Akkar,Akkar,0,0,0,0,0,0,0,Index below 8,http://linked.aub.edu.lb/CODEC/Lebanon/observation/Tourism-Mrah+Kwakh
Naoura El-Faouqa,Akkar,Akkar,0,0,0,0,0,0,0,Index below 8,http://linked.aub.edu.lb/CODEC/Lebanon/observation/Tourism-Naoura+El-Faouqa
Nfisseh,Akkar,Akkar,0,0,0,0,0,0,0,Index below 8,http://linked.aub.edu.lb/CODEC/Lebanon/observation/Tourism-Nfisseh
Ouada,Akkar,Akkar,0,0,0,0,0,0,1,Index below 8,http://linked.aub.edu.lb/CODEC/Lebanon/observation/Tourism-Ouada
Ouadi El-Haour,Akkar,Akkar,0,0,0,0,0,0,0,Index below 8,http://linked.aub.edu.lb/CODEC/Lebanon/observation/Tourism-Ouadi+El-Haour
Ouadi Khaled,Akkar,Akkar,7,5,7,0,4,16,0,Index below 8,http://linked.aub.edu.lb/CODEC/Lebanon/observation/Tourism-Ouadi+Khaled
Qabaait,Akkar,Akkar,6,3,5,0,0,8,0,Index below 8,http://linked.aub.edu.lb/CODEC/Lebanon/observation/Tourism-Qabaait
Qachlaq,Akkar,Akkar,3,2,0,0,0,2,0,Index below 8,http://linked.aub.edu.lb/CODEC/Lebanon/observation/Tourism-Qachlaq
Qantarat Aakkar,Akkar,Akkar,0,0,0,0,0,0,0,Index below 8,http://linked.aub.edu.lb/CODEC/Lebanon/observation/Tourism-Qantarat+Aakkar
Qanya,Akkar,Akkar,6,6,1,0,0,7,0,Index below 8,http://linked.aub.edu.lb/CODEC/Lebanon/observation/Tourism-Qanya
Qardaf,Akkar,Akkar,0,0,0,0,0,0,0,Index below 8,http://linked.aub.edu.lb/CODEC/Lebanon/observation/Tourism-Qardaf
Qarha,Akkar,Akkar,0,0,0,0,0,0,0,Index below 8,http://linked.aub.edu.lb/CODEC/Lebanon/observation/Tourism-Qarha
Qbaiyat Aakkar,Akkar,Akkar,7,15,3,0,60,78,1,Index below 8,http://linked.aub.edu.lb/CODEC/Lebanon/observation/Tourism-Qbaiyat+Aakkar
Qleiaat Aakkar,Akkar,Akkar,0,0,0,0,0,0,0,Index below 8,http://linked.aub.edu.lb/CODEC/Lebanon/observation/Tourism-Qleiaat+Aakkar
Qloud El-Baqieh,Akkar,Akkar,0,0,0,0,0,0,0,Index below 8,http://linked.aub.edu.lb/CODEC/Lebanon/observation/Tourism-Qloud+El-Baqieh
Qornet Aakkar,Akkar,Akkar,3,6,0,0,0,6,0,Index below 8,http://linked.aub.edu.lb/CODEC/Lebanon/observation/Tourism-Qornet+Aakkar
Qoubber Chamra,Akkar,Akkar,0,0,0,0,0,0,0,Index below 8,http://linked.aub.edu.lb/CODEC/Lebanon/observation/Tourism-Qoubber+Chamra
Qraiyat,Akkar,Akkar,0,0,0,0,0,0,0,Index below 8,http://linked.aub.edu.lb/CODEC/Lebanon/observation/Tourism-Qraiyat
Rahbeh,Akkar,Akkar,6,10,2,0,0,12,0,Index below 8,http://linked.aub.edu.lb/CODEC/Lebanon/observation/Tourism-Rahbeh
Rihaniyet Aakkar,Akkar,Akkar,3,0,1,0,0,1,0,Index below 8,http://linked.aub.edu.lb/CODEC/Lebanon/observation/Tourism-Rihaniyet+Aakkar
Saadine,Akkar,Akkar,0,0,0,0,0,0,0,Index below 8,http://linked.aub.edu.lb/CODEC/Lebanon/observation/Tourism-Saadine
Sahle,Akkar,Akkar,0,0,0,0,0,0,0,Index below 8,http://linked.aub.edu.lb/CODEC/Lebanon/observation/Tourism-Sahle
Sammaqiyeh,Akkar,Akkar,0,0,0,0,0,0,0,Index below 8,http://linked.aub.edu.lb/CODEC/Lebanon/observation/Tourism-Sammaqiyeh
Sayssouq,Akkar,Akkar,0,0,0,0,0,0,0,Index below 8,http://linked.aub.edu.lb/CODEC/Lebanon/observation/Tourism-Sayssouq
Sfaynet El-Qaitaa,Akkar,Akkar,0,0,0,0,0,0,1,Index below 8,http://linked.aub.edu.lb/CODEC/Lebanon/observation/Tourism-Sfaynet+El-Qaitaa
Sfinet Ed-Draib,Akkar,Akkar,3,0,1,0,0,1,0,Index below 8,http://linked.aub.edu.lb/CODEC/Lebanon/observation/Tourism-Sfinet+Ed-Draib
Sindianet Zeidane,Akkar,Akkar,6,16,8,0,0,24,1,Index below 8,http://linked.aub.edu.lb/CODEC/Lebanon/observation/Tourism-Sindianet+Zeidane
Souaisset Aakkar,Akkar,Akkar,6,2,1,0,0,3,1,Index below 8,http://linked.aub.edu.lb/CODEC/Lebanon/observation/Tourism-Souaisset+Aakkar
Srar,Akkar,Akkar,0,0,0,0,0,0,0,Index below 8,http://linked.aub.edu.lb/CODEC/Lebanon/observation/Tourism-Srar
Tal Aabbas,Akkar,Akkar,0,0,0,0,0,0,0,Index below 8,http://linked.aub.edu.lb/CODEC/Lebanon/observation/Tourism-Tal+Aabbas
Tall Aabbas Ech-Charqi,Akkar,Akkar,6,2,3,0,0,5,0,Index below 8,http://linked.aub.edu.lb/CODEC/Lebanon/observation/Tourism-Tall+Aabbas+Ech-Charqi
Tall Bireh,Akkar,Akkar,0,0,0,0,0,0,0,Index below 8,http://linked.aub.edu.lb/CODEC/Lebanon/observation/Tourism-Tall+Bireh
Tall Hmayra,Akkar,Akkar,0,0,0,0,0,0,0,Index below 8,http://linked.aub.edu.lb/CODEC/Lebanon/observation/Tourism-Tall+Hmayra
Tall Meaayan Tall Kiri,Akkar,Akkar,4,4,0,0,6,10,0,Index below 8,http://linked.aub.edu.lb/CODEC/Lebanon/observation/Tourism-Tall+Meaayan+Tall+Kiri
Tallet Chattaha,Akkar,Akkar,0,0,0,0,0,0,0,Index below 8,http://linked.aub.edu.lb/CODEC/Lebanon/observation/Tourism-Tallet+Chattaha
Tikrit,Akkar,Akkar,6,12,4,0,0,16,0,Index below 8,http://linked.aub.edu.lb/CODEC/Lebanon/observation/Tourism-Tikrit
Tleil,Akkar,Akkar,6,2,2,0,0,4,0,Index below 8,http://linked.aub.edu.lb/CODEC/Lebanon/observation/Tourism-Tleil
Tshea,Akkar,Akkar,0,0,0,0,0,0,1,Index below 8,http://linked.aub.edu.lb/CODEC/Lebanon/observation/Tourism-Tshea
Zouarib,Akkar,Akkar,3,2,0,0,0,2,0,Index below 8,http://linked.aub.edu.lb/CODEC/Lebanon/observation/Tourism-Zouarib
Zouq El Hosniyeh,Akkar,Akkar,3,3,0,0,0,3,0,Index below 8,http://linked.aub.edu.lb/CODEC/Lebanon/observation/Tourism-Zouq+El+Hosniyeh
Zouq El-Hadara,Akkar,Akkar,0,0,0,0,0,0,0,Index below 8,http://linked.aub.edu.lb/CODEC/Lebanon/observation/Tourism-Zouq+El-Hadara
Zouq El-Hbalsa,Akkar,Akkar,0,0,0,0,0,0,0,Index below 8,http://linked.aub.edu.lb/CODEC/Lebanon/observation/Tourism-Zouq+El-Hbalsa
berqayel,Akkar,Akkar,6,10,4,0,0,14,1,Index below 8,http://linked.aub.edu.lb/CODEC/Lebanon/observation/Tourism-berqayel
Aarsal,Baalbek,Baalbek-Hermel,0,0,0,0,0,0,0,Index below 8,http://linked.aub.edu.lb/CODEC/Lebanon/observation/Tourism-Aarsal
Aaynata Baalbek,Baalbek,Baalbek-Hermel,1,0,0,0,5,5,0,Index below 8,http://linked.aub.edu.lb/CODEC/Lebanon/observation/Tourism-Aaynata+Baalbek
Alaq,Baalbek,Baalbek-Hermel,6,2,6,0,0,8,0,Index below 8,http://linked.aub.edu.lb/CODEC/Lebanon/observation/Tourism-Alaq
Ansar Baalbeck,Baalbek,Baalbek-Hermel,0,0,0,0,0,0,0,Index below 8,http://linked.aub.edu.lb/CODEC/Lebanon/observation/Tourism-Ansar+Baalbeck
Baalbek,Baalbek,Baalbek-Hermel,10,10,39,2,1,52,0,High index (8-10),http://linked.aub.edu.lb/CODEC/Lebanon/observation/Tourism-Baalbek
Barqa,Baalbek,Baalbek-Hermel,0,0,0,0,0,0,0,Index below 8,http://linked.aub.edu.lb/CODEC/Lebanon/observation/Tourism-Barqa
Bechouat,Baalbek,Baalbek-Hermel,10,2,7,4,1,14,1,High index (8-10),http://linked.aub.edu.lb/CODEC/Lebanon/observation/Tourism-Bechouat
Beit Chama,Baalbek,Baalbek-Hermel,0,0,0,0,0,0,0,Index below 8,http://linked.aub.edu.lb/CODEC/Lebanon/observation/Tourism-Beit+Chama
Brital,Baalbek,Baalbek-Hermel,6,5,13,0,0,18,0,Index below 8,http://linked.aub.edu.lb/CODEC/Lebanon/observation/Tourism-Brital
Btedaai,Baalbek,Baalbek-Hermel,0,0,0,0,0,0,0,Index below 8,http://linked.aub.edu.lb/CODEC/Lebanon/observation/Tourism-Btedaai
Chaat,Baalbek,Baalbek-Hermel,0,0,0,0,0,0,0,Index below 8,http://linked.aub.edu.lb/CODEC/Lebanon/observation/Tourism-Chaat
Chlifa,Baalbek,Baalbek-Hermel,3,0,2,0,0,2,0,Index below 8,http://linked.aub.edu.lb/CODEC/Lebanon/observation/Tourism-Chlifa
Chmistar,Baalbek,Baalbek-Hermel,0,0,0,0,0,0,0,Index below 8,http://linked.aub.edu.lb/CODEC/Lebanon/observation/Tourism-Chmistar
Deir El-Ahmar,Baalbek,Baalbek-Hermel,10,3,12,3,50,68,1,High index (8-10),http://linked.aub.edu.lb/CODEC/Lebanon/observation/Tourism-Deir+El-Ahmar
Douris,Baalbek,Baalbek-Hermel,6,1,6,0,0,7,0,Index below 8,http://linked.aub.edu.lb/CODEC/Lebanon/observation/Tourism-Douris
El Ain,Baalbek,Baalbek-Hermel,0,0,0,0,0,0,0,Index below 8,http://linked.aub.edu.lb/CODEC/Lebanon/observation/Tourism-El+Ain
Fekehe,Baalbek,Baalbek-Hermel,9,5,4,1,0,10,1,High index (8-10),http://linked.aub.edu.lb/CODEC/Lebanon/observation/Tourism-Fekehe
Hadath Baalback,Baalbek,Baalbek-Hermel,0,0,0,0,0,0,0,Index below 8,http://linked.aub.edu.lb/CODEC/Lebanon/observation/Tourism-Hadath+Baalback
Halbata,Baalbek,Baalbek-Hermel,0,0,0,0,0,0,0,Index below 8,http://linked.aub.edu.lb/CODEC/Lebanon/observation/Tourism-Halbata
Haouch En-Nabi,Baalbek,Baalbek-Hermel,0,0,0,0,0,0,0,Index below 8,http://linked.aub.edu.lb/CODEC/Lebanon/observation/Tourism-Haouch+En-Nabi
Haouch Er-Rafqa,Baalbek,Baalbek-Hermel,6,2,2,0,0,4,0,Index below 8,http://linked.aub.edu.lb/CODEC/Lebanon/observation/Tourism-Haouch+Er-Rafqa
Haouch Snaid,Baalbek,Baalbek-Hermel,0,0,0,0,0,0,0,Index below 8,http://linked.aub.edu.lb/CODEC/Lebanon/observation/Tourism-Haouch+Snaid
Haouch Tall Safiyeh,Baalbek,Baalbek-Hermel,6,2,1,0,0,3,0,Index below 8,http://linked.aub.edu.lb/CODEC/Lebanon/observation/Tourism-Haouch+Tall+Safiyeh
Haouche Barada,Baalbek,Baalbek-Hermel,0,0,0,0,0,0,0,Index below 8,http://linked.aub.edu.lb/CODEC/Lebanon/observation/Tourism-Haouche+Barada
Harabta,Baalbek,Baalbek-Hermel,0,0,0,0,0,0,0,Index below 8,http://linked.aub.edu.lb/CODEC/Lebanon/observation/Tourism-Harabta
Hizzine,Baalbek,Baalbek-Hermel,0,0,0,0,0,0,0,Index below 8,http://linked.aub.edu.lb/CODEC/Lebanon/observation/Tourism-Hizzine
Iaat,Baalbek,Baalbek-Hermel,9,3,9,1,0,13,1,High index (8-10),http://linked.aub.edu.lb/CODEC/Lebanon/observation/Tourism-Iaat
Jbouleh,Baalbek,Baalbek-Hermel,0,0,0,0,0,0,0,Index below 8,http://linked.aub.edu.lb/CODEC/Lebanon/observation/Tourism-Jbouleh
Jenta,Baalbek,Baalbek-Hermel,3,6,0,0,0,6,0,Index below 8,http://linked.aub.edu.lb/CODEC/Lebanon/observation/Tourism-Jenta
Kfar Dane,Baalbek,Baalbek-Hermel,0,0,0,0,0,0,0,Index below 8,http://linked.aub.edu.lb/CODEC/Lebanon/observation/Tourism-Kfar+Dane
Khodr Baalbek,Baalbek,Baalbek-Hermel,6,1,2,0,0,3,0,Index below 8,http://linked.aub.edu.lb/CODEC/Lebanon/observation/Tourism-Khodr+Baalbek
Laboueh,Baalbek,Baalbek-Hermel,0,0,0,0,0,0,0,Index below 8,http://linked.aub.edu.lb/CODEC/Lebanon/observation/Tourism-Laboueh
Maaraboun,Baalbek,Baalbek-Hermel,0,0,0,0,0,0,1,Index below 8,http://linked.aub.edu.lb/CODEC/Lebanon/observation/Tourism-Maaraboun
Majdaloun,Baalbek,Baalbek-Hermel,0,0,0,0,0,0,0,Index below 8,http://linked.aub.edu.lb/CODEC/Lebanon/observation/Tourism-Majdaloun
Maqneh,Baalbek,Baalbek-Hermel,6,2,2,0,0,4,0,Index below 8,http://linked.aub.edu.lb/CODEC/Lebanon/observation/Tourism-Maqneh
Mazraat Swaidan,Baalbek,Baalbek-Hermel,0,0,0,0,0,0,0,Index below 8,http://linked.aub.edu.lb/CODEC/Lebanon/observation/Tourism-Mazraat+Swaidan
Mazraat beit Mchaik,Baalbek,Baalbek-Hermel,0,0,0,0,0,0,0,Index below 8,http://linked.aub.edu.lb/CODEC/Lebanon/observation/Tourism-Mazraat+beit+Mchaik
Moqraq,Baalbek,Baalbek-Hermel,3,0,3,0,0,3,0,Index below 8,http://linked.aub.edu.lb/CODEC/Lebanon/observation/Tourism-Moqraq
Nabha Ed-Damdoum,Baalbek,Baalbek-Hermel,3,0,1,0,0,1,1,Index below 8,http://linked.aub.edu.lb/CODEC/Lebanon/observation/Tourism-Nabha+Ed-Damdoum
Nabha Mehfara,Baalbek,Baalbek-Hermel,10,15,15,4,20,54,1,High index (8-10),http://linked.aub.edu.lb/CODEC/Lebanon/observation/Tourism-Nabha+Mehfara
Nabha Qoudam,Baalbek,Baalbek-Hermel,0,0,0,0,0,0,0,Index below 8,http://linked.aub.edu.lb/CODEC/Lebanon/observation/Tourism-Nabha+Qoudam
Nabi Chit,Baalbek,Baalbek-Hermel,6,8,11,0,0,19,0,Index below 8,http://linked.aub.edu.lb/CODEC/Lebanon/observation/Tourism-Nabi+Chit
Nabi Osmane,Baalbek,Baalbek-Hermel,9,3,2,1,0,6,0,High index (8-10),http://linked.aub.edu.lb/CODEC/Lebanon/observation/Tourism-Nabi+Osmane
Nahleh Baalbek,Baalbek,Baalbek-Hermel,3,2,0,0,0,2,0,Index below 8,http://linked.aub.edu.lb/CODEC/Lebanon/observation/Tourism-Nahleh+Baalbek
Qaa Baalbek,Baalbek,Baalbek-Hermel,7,4,6,0,7,17,1,Index below 8,http://linked.aub.edu.lb/CODEC/Lebanon/observation/Tourism-Qaa+Baalbek
Qarha Baalbek,Baalbek,Baalbek-Hermel,0,0,0,0,0,0,0,Index below 8,http://linked.aub.edu.lb/CODEC/Lebanon/observation/Tourism-Qarha+Baalbek
Qild Es Sabea,Baalbek,Baalbek-Hermel,0,0,0,0,0,0,1,Index below 8,http://linked.aub.edu.lb/CODEC/Lebanon/observation/Tourism-Qild+Es+Sabea
Qlaileh Harfoush,Baalbek,Baalbek-Hermel,0,0,0,0,0,0,0,Index below 8,http://linked.aub.edu.lb/CODEC/Lebanon/observation/Tourism-Qlaileh+Harfoush
Qsarnaba,Baalbek,Baalbek-Hermel,6,1,1,0,0,2,0,Index below 8,http://linked.aub.edu.lb/CODEC/Lebanon/observation/Tourism-Qsarnaba
Ram,Baalbek,Baalbek-Hermel,0,0,0,0,0,0,0,Index below 8,http://linked.aub.edu.lb/CODEC/Lebanon/observation/Tourism-Ram
Ras Baalbek Ech-Charqi,Baalbek,Baalbek-Hermel,9,1,2,3,0,6,1,High index (8-10),http://linked.aub.edu.lb/CODEC/Lebanon/observation/Tourism-Ras+Baalbek+Ech-Charqi
Saaideh,Baalbek,Baalbek-Hermel,0,0,0,0,0,0,0,Index below 8,http://linked.aub.edu.lb/CODEC/Lebanon/observation/Tourism-Saaideh
Sarin Fawqa,Baalbek,Baalbek-Hermel,6,10,5,0,0,15,1,Index below 8,http://linked.aub.edu.lb/CODEC/Lebanon/observation/Tourism-Sarin+Fawqa
Serraaine Et-Tahta,Baalbek,Baalbek-Hermel,0,0,0,0,0,0,0,Index below 8,http://linked.aub.edu.lb/CODEC/Lebanon/observation/Tourism-Serraaine+Et-Tahta
Taibet Baalbek,Baalbek,Baalbek-Hermel,3,2,0,0,0,2,1,Index below 8,http://linked.aub.edu.lb/CODEC/Lebanon/observation/Tourism-Taibet+Baalbek
Talia,Baalbek,Baalbek-Hermel,0,0,0,0,0,0,0,Index below 8,http://linked.aub.edu.lb/CODEC/Lebanon/observation/Tourism-Talia
Taraiya,Baalbek,Baalbek-Hermel,3,2,0,0,0,2,0,Index below 8,http://linked.aub.edu.lb/CODEC/Lebanon/observation/Tourism-Taraiya
Tawfiqiya,Baalbek,Baalbek-Hermel,3,0,2,0,0,2,0,Index below 8,http://linked.aub.edu.lb/CODEC/Lebanon/observation/Tourism-Tawfiqiya
Temnine El-Faouqa,Baalbek,Baalbek-Hermel,3,0,3,0,0,3,0,Index below 8,http://linked.aub.edu.lb/CODEC/Lebanon/observation/Tourism-Temnine+El-Faouqa
Temnine Et-Tahta,Baalbek,Baalbek-Hermel,6,0,3,1,0,4,1,Index below 8,http://linked.aub.edu.lb/CODEC/Lebanon/observation/Tourism-Temnine+Et-Tahta
Yammouneh,Baalbek,Baalbek-Hermel,10,5,10,1,5,21,0,High index (8-10),http://linked.aub.edu.lb/CODEC/Lebanon/observation/Tourism-Yammouneh
Younine,Baalbek,Baalbek-Hermel,0,0,0,0,0,0,0,Index below 8,http://linked.aub.edu.lb/CODEC/Lebanon/observation/Tourism-Younine
Zabboud,Baalbek,Baalbek-Hermel,0,0,0,0,0,0,0,Index below 8,http://linked.aub.edu.lb/CODEC/Lebanon/observation/Tourism-Zabboud
Zahra,Baalbek,Baalbek-Hermel,0,0,0,0,0,0,0,Index below 8,http://linked.aub.edu.lb/CODEC/Lebanon/observation/Tourism-Zahra
Zrazeer,Baalbek,Baalbek-Hermel,0,0,0,0,0,0,0,Index below 8,http://linked.aub.edu.lb/CODEC/Lebanon/observation/Tourism-Zrazeer
Charbine El-Hermel,Hermel,Baalbek-Hermel,0,0,0,0,0,0,0,Index below 8,http://linked.aub.edu.lb/CODEC/Lebanon/observation/Tourism-Charbine+El-Hermel
Fisan,Hermel,Baalbek-Hermel,0,0,0,0,0,0,0,Index below 8,http://linked.aub.edu.lb/CODEC/Lebanon/observation/Tourism-Fisan
Hermel,Hermel,Baalbek-Hermel,9,40,40,2,0,82,1,High index (8-10),http://linked.aub.edu.lb/CODEC/Lebanon/observation/Tourism-Hermel
Kouakh,Hermel,Baalbek-Hermel,4,1,0,0,2,3,0,Index below 8,http://linked.aub.edu.lb/CODEC/Lebanon/observation/Tourism-Kouakh
Ouadi Faara,Hermel,Baalbek-Hermel,0,0,0,0,0,0,0,Index below 8,http://linked.aub.edu.lb/CODEC/Lebanon/observation/Tourism-Ouadi+Faara
Qaser,Hermel,Baalbek-Hermel,6,3,3,0,0,6,0,Index below 8,http://linked.aub.edu.lb/CODEC/Lebanon/observation/Tourism-Qaser
Sehjoud,Hermel,Baalbek-Hermel,0,0,0,0,0,0,1,Index below 8,http://linked.aub.edu.lb/CODEC/Lebanon/observation/Tourism-Sehjoud
Shawagheer El-Faouqa,Hermel,Baalbek-Hermel,9,15,34,5,0,54,1,High index (8-10),http://linked.aub.edu.lb/CODEC/Lebanon/observation/Tourism-Shawagheer+El-Faouqa
jouar Hasheesh,Hermel,Baalbek-Hermel,0,0,0,0,0,0,1,Index below 8,http://linked.aub.edu.lb/CODEC/Lebanon/observation/Tourism-jouar+Hasheesh
Aammiq Ech-Chouf,Chouf,Beqaa,3,0,2,0,0,2,1,Index below 8,http://linked.aub.edu.lb/CODEC/Lebanon/observation/Tourism-Aammiq+Ech-Chouf
Aain Aarab Rachaya,Rashaya,Beqaa,0,0,0,0,0,0,1,Index below 8,http://linked.aub.edu.lb/CODEC/Lebanon/observation/Tourism-Aain+Aarab+Rachaya
Aain Aata,Rashaya,Beqaa,3,2,0,0,0,2,0,Index below 8,http://linked.aub.edu.lb/CODEC/Lebanon/observation/Tourism-Aain+Aata
Aain Harsha,Rashaya,Beqaa,0,0,0,0,0,0,0,Index below 8,http://linked.aub.edu.lb/CODEC/Lebanon/observation/Tourism-Aain+Harsha
Aaqabet Rachaya,Rashaya,Beqaa,0,0,0,0,0,0,0,Index below 8,http://linked.aub.edu.lb/CODEC/Lebanon/observation/Tourism-Aaqabet+Rachaya
Aayha,Rashaya,Beqaa,0,0,0,0,0,0,1,Index below 8,http://linked.aub.edu.lb/CODEC/Lebanon/observation/Tourism-Aayha
Aayta El-Foukhar,Rashaya,Beqaa,3,0,1,0,0,1,0,Index below 8,http://linked.aub.edu.lb/CODEC/Lebanon/observation/Tourism-Aayta+El-Foukhar
Bakka,Rashaya,Beqaa,0,0,0,0,0,0,0,Index below 8,http://linked.aub.edu.lb/CODEC/Lebanon/observation/Tourism-Bakka
Bakkifac Rachaya,Rashaya,Beqaa,0,0,0,0,0,0,0,Index below 8,http://linked.aub.edu.lb/CODEC/Lebanon/observation/Tourism-Bakkifac+Rachaya
Beit Lahia,Rashaya,Beqaa,0,0,0,0,0,0,0,Index below 8,http://linked.aub.edu.lb/CODEC/Lebanon/observation/Tourism-Beit+Lahia
Biret Rachaya,Rashaya,Beqaa,0,0,0,0,0,0,1,Index below 8,http://linked.aub.edu.lb/CODEC/Lebanon/observation/Tourism-Biret+Rachaya
Dahr El-Ahmar,Rashaya,Beqaa,10,5,3,2,1,11,0,High index (8-10),http://linked.aub.edu.lb/CODEC/Lebanon/observation/Tourism-Dahr+El-Ahmar
Deir El-Aachayer,Rashaya,Beqaa,0,0,0,0,0,0,1,Index below 8,http://linked.aub.edu.lb/CODEC/Lebanon/observation/Tourism-Deir+El-Aachayer
Haouch El Qinnabeh Rachaya,Rashaya,Beqaa,0,0,0,0,0,0,1,Index below 8,http://linked.aub.edu.lb/CODEC/Lebanon/observation/Tourism-Haouch+El+Qinnabeh+Rachaya
Helouet Rachaya,Rashaya,Beqaa,1,0,0,0,2,2,0,Index below 8,http://linked.aub.edu.lb/CODEC/Lebanon/observation/Tourism-Helouet+Rachaya
Kaoukaba Bou Arab,Rashaya,Beqaa,0,0,0,0,0,0,0,Index below 8,http://linked.aub.edu.lb/CODEC/Lebanon/observation/Tourism-Kaoukaba+Bou+Arab
Kfar Denis,Rashaya,Beqaa,3,1,0,0,0,1,0,Index below 8,http://linked.aub.edu.lb/CODEC/Lebanon/observation/Tourism-Kfar+Denis
Kfar Qouq,Rashaya,Beqaa,3,3,0,0,0,3,0,Index below 8,http://linked.aub.edu.lb/CODEC/Lebanon/observation/Tourism-Kfar+Qouq
Kfar michki,Rashaya,Beqaa,0,0,0,0,0,0,0,Index below 8,http://linked.aub.edu.lb/CODEC/Lebanon/observation/Tourism-Kfar+michki
Khirbet Rouha,Rashaya,Beqaa,0,0,0,0,0,0,0,Index below 8,http://linked.aub.edu.lb/CODEC/Lebanon/observation/Tourism-Khirbet+Rouha
Majdel Balhis,Rashaya,Beqaa,0,0,0,0,0,0,1,Index below 8,http://linked.aub.edu.lb/CODEC/Lebanon/observation/Tourism-Majdel+Balhis
Mdoukha,Rashaya,Beqaa,0,0,0,0,0,0,0,Index below 8,http://linked.aub.edu.lb/CODEC/Lebanon/observation/Tourism-Mdoukha
Mhaiydseh Rachaya,Rashaya,Beqaa,3,2,0,0,0,2,1,Index below 8,http://linked.aub.edu.lb/CODEC/Lebanon/observation/Tourism-Mhaiydseh+Rachaya
Rachaya El Wadi,Rashaya,Beqaa,10,7,15,1,1,24,1,High index (8-10),http://linked.aub.edu.lb/CODEC/Lebanon/observation/Tourism-Rachaya+El+Wadi
Rafid Rachaya,Rashaya,Beqaa,3,0,0,0,0,0,0,Index below 8,http://linked.aub.edu.lb/CODEC/Lebanon/observation/Tourism-Rafid+Rachaya
Tannoura,Rashaya,Beqaa,3,0,3,0,0,3,0,Index below 8,http://linked.aub.edu.lb/CODEC/Lebanon/observation/Tourism-Tannoura
Yanta,Rashaya,Beqaa,6,2,1,0,0,3,0,Index below 8,http://linked.aub.edu.lb/CODEC/Lebanon/observation/Tourism-Yanta
Beqaata Aachqout,Unknown,Beqaa,0,0,0,0,0,0,0,Index below 8,http://linked.aub.edu.lb/CODEC/Lebanon/observation/Tourism-Beqaata+Aachqout
Beqaata Kanaan,Unknown,Beqaa,0,0,0,0,0,0,0,Index below 8,http://linked.aub.edu.lb/CODEC/Lebanon/observation/Tourism-Beqaata+Kanaan
Aain Zebdeh,Western Beqaa,Beqaa,10,4,6,2,1,13,1,High index (8-10),http://linked.aub.edu.lb/CODEC/Lebanon/observation/Tourism-Aain+Zebdeh
Aana,Western Beqaa,Beqaa,6,3,1,0,0,4,0,Index below 8,http://linked.aub.edu.lb/CODEC/Lebanon/observation/Tourism-Aana
Aaytanit,Western Beqaa,Beqaa,4,0,2,0,1,3,0,Index below 8,http://linked.aub.edu.lb/CODEC/Lebanon/observation/Tourism-Aaytanit
Baaloul West Bekaa,Western Beqaa,Beqaa,0,0,0,0,0,0,0,Index below 8,http://linked.aub.edu.lb/CODEC/Lebanon/observation/Tourism-Baaloul+West+Bekaa
Bab Mareaa,Western Beqaa,Beqaa,7,5,5,0,1,11,0,Index below 8,http://linked.aub.edu.lb/CODEC/Lebanon/observation/Tourism-Bab+Mareaa
El Manara,Western Beqaa,Beqaa,3,0,2,0,0,2,0,Index below 8,http://linked.aub.edu.lb/CODEC/Lebanon/observation/Tourism-El+Manara
El Marej,Western Beqaa,Beqaa,0,0,0,0,0,0,0,Index below 8,http://linked.aub.edu.lb/CODEC/Lebanon/observation/Tourism-El+Marej
Ghazzeh,Western Beqaa,Beqaa,6,3,10,0,0,13,0,Index below 8,http://linked.aub.edu.lb/CODEC/Lebanon/observation/Tourism-Ghazzeh
Haouch El-Harime,Western Beqaa,Beqaa,0,0,0,0,0,0,0,Index below 8,http://linked.aub.edu.lb/CODEC/Lebanon/observation/Tourism-Haouch+El-Harime
Joubb Jannine,Western Beqaa,Beqaa,6,12,2,0,0,14,0,Index below 8,http://linked.aub.edu.lb/CODEC/Lebanon/observation/Tourism-Joubb+Jannine
Kafraiya West Bekaa,Western Beqaa,Beqaa,6,1,1,0,0,2,0,Index below 8,http://linked.aub.edu.lb/CODEC/Lebanon/observation/Tourism-Kafraiya+West+Bekaa
Kamed El-Laouz,Western Beqaa,Beqaa,6,10,5,0,0,15,1,Index below 8,http://linked.aub.edu.lb/CODEC/Lebanon/observation/Tourism-Kamed+El-Laouz
Khirbet Qanafar,Western Beqaa,Beqaa,10,2,4,2,2,10,1,High index (8-10),http://linked.aub.edu.lb/CODEC/Lebanon/observation/Tourism-Khirbet+Qanafar
Lala,Western Beqaa,Beqaa,9,15,10,5,0,30,1,High index (8-10),http://linked.aub.edu.lb/CODEC/Lebanon/observation/Tourism-Lala
Libbaya West Bekaa,Western Beqaa,Beqaa,0,0,0,0,0,0,0,Index below 8,http://linked.aub.edu.lb/CODEC/Lebanon/observation/Tourism-Libbaya+West+Bekaa
Machghara,Western Beqaa,Beqaa,6,3,5,0,0,8,1,Index below 8,http://linked.aub.edu.lb/CODEC/Lebanon/observation/Tourism-Machghara
Mansoura,Western Beqaa,Beqaa,3,2,0,0,0,2,1,Index below 8,http://linked.aub.edu.lb/CODEC/Lebanon/observation/Tourism-Mansoura
Maydoun,Western Beqaa,Beqaa,0,0,0,0,0,0,0,Index below 8,http://linked.aub.edu.lb/CODEC/Lebanon/observation/Tourism-Maydoun
Qaraaoun,Western Beqaa,Beqaa,9,2,3,0,0,5,1,High index (8-10),http://linked.aub.edu.lb/CODEC/Lebanon/observation/Tourism-Qaraaoun
Qelaya,Western Beqaa,Beqaa,6,2,4,0,0,6,0,Index below 8,http://linked.aub.edu.lb/CODEC/Lebanon/observation/Tourism-Qelaya
Rawda Bekaa,Western Beqaa,Beqaa,0,0,0,0,0,0,0,Index below 8,http://linked.aub.edu.lb/CODEC/Lebanon/observation/Tourism-Rawda+Bekaa
Saghbine,Western Beqaa,Beqaa,9,2,4,2,0,8,1,High index (8-10),http://linked.aub.edu.lb/CODEC/Lebanon/observation/Tourism-Saghbine
Sohmor,Western Beqaa,Beqaa,10,3,7,1,10,21,0,High index (8-10),http://linked.aub.edu.lb/CODEC/Lebanon/observation/Tourism-Sohmor
Soltan Yacoub el Aradi,Western Beqaa,Beqaa,3,0,1,0,0,1,0,Index below 8,http://linked.aub.edu.lb/CODEC/Lebanon/observation/Tourism-Soltan+Yacoub+el+Aradi
Souairi,Western Beqaa,Beqaa,0,0,0,0,0,0,0,Index below 8,http://linked.aub.edu.lb/CODEC/Lebanon/observation/Tourism-Souairi
Tall Znoub,Western Beqaa,Beqaa,0,0,0,0,0,0,0,Index below 8,http://linked.aub.edu.lb/CODEC/Lebanon/observation/Tourism-Tall+Znoub
Yohmor West Bekaa,Western Beqaa,Beqaa,6,3,5,0,0,8,1,Index below 8,http://linked.aub.edu.lb/CODEC/Lebanon/observation/Tourism-Yohmor+West+Bekaa
Zilaya,Western Beqaa,Beqaa,0,0,0,0,0,0,1,Index below 8,http://linked.aub.edu.lb/CODEC/Lebanon/observation/Tourism-Zilaya
Aain Kfar Zabad,Zahle,Beqaa,3,0,2,0,0,2,0,Index below 8,http://linked.aub.edu.lb/CODEC/Lebanon/observation/Tourism-Aain+Kfar+Zabad
Aali En-Nahri,Zahle,Beqaa,6,1,2,0,0,3,0,Index below 8,http://linked.aub.edu.lb/CODEC/Lebanon/observation/Tourism-Aali+En-Nahri
Aanjar (Haouch Moussa),Zahle,Beqaa,10,4,8,2,20,34,0,High index (8-10),http://linked.aub.edu.lb/CODEC/Lebanon/observation/Tourism-Aanjar+%28Haouch+Moussa%29
Ablah,Zahle,Beqaa,9,1,2,1,0,4,0,High index (8-10),http://linked.aub.edu.lb/CODEC/Lebanon/observation/Tourism-Ablah
Barr Elias,Zahle,Beqaa,6,12,15,0,0,27,0,Index below 8,http://linked.aub.edu.lb/CODEC/Lebanon/observation/Tourism-Barr+Elias
Bouarej,Zahle,Beqaa,6,2,6,0,0,8,0,Index below 8,http://linked.aub.edu.lb/CODEC/Lebanon/observation/Tourism-Bouarej
Chehabiyeh Faour,Zahle,Beqaa,0,0,0,0,0,0,1,Index below 8,http://linked.aub.edu.lb/CODEC/Lebanon/observation/Tourism-Chehabiyeh+Faour
Chtaura,Zahle,Beqaa,3,0,3,0,0,3,0,Index below 8,http://linked.aub.edu.lb/CODEC/Lebanon/observation/Tourism-Chtaura
Deir El-Ghazal,Zahle,Beqaa,3,0,1,0,0,1,1,Index below 8,http://linked.aub.edu.lb/CODEC/Lebanon/observation/Tourism-Deir+El-Ghazal
Fikani,Zahle,Beqaa,6,6,2,0,0,8,0,Index below 8,http://linked.aub.edu.lb/CODEC/Lebanon/observation/Tourism-Fikani
Fourzol,Zahle,Beqaa,0,0,0,0,0,0,0,Index below 8,http://linked.aub.edu.lb/CODEC/Lebanon/observation/Tourism-Fourzol
Haouch Hala,Zahle,Beqaa,3,0,3,0,0,3,0,Index below 8,http://linked.aub.edu.lb/CODEC/Lebanon/observation/Tourism-Haouch+Hala
Hazerta,Zahle,Beqaa,0,0,0,0,0,0,0,Index below 8,http://linked.aub.edu.lb/CODEC/Lebanon/observation/Tourism-Hazerta
Jdita,Zahle,Beqaa,9,1,7,3,0,11,1,High index (8-10),http://linked.aub.edu.lb/CODEC/Lebanon/observation/Tourism-Jdita
Kfarzabad,Zahle,Beqaa,3,0,3,0,0,3,1,Index below 8,http://linked.aub.edu.lb/CODEC/Lebanon/observation/Tourism-Kfarzabad
Majdel Aanjar,Zahle,Beqaa,3,0,5,0,0,5,0,Index below 8,http://linked.aub.edu.lb/CODEC/Lebanon/observation/Tourism-Majdel+Aanjar
Makseh,Zahle,Beqaa,9,4,7,1,0,12,1,High index (8-10),http://linked.aub.edu.lb/CODEC/Lebanon/observation/Tourism-Makseh
Massa,Zahle,Beqaa,0,0,0,0,0,0,0,Index below 8,http://linked.aub.edu.lb/CODEC/Lebanon/observation/Tourism-Massa
Mrayjat Zahleh,Zahle,Beqaa,3,0,2,0,0,2,0,Index below 8,http://linked.aub.edu.lb/CODEC/Lebanon/observation/Tourism-Mrayjat+Zahleh
Nabi Ayla,Zahle,Beqaa,0,0,0,0,0,0,0,Index below 8,http://linked.aub.edu.lb/CODEC/Lebanon/observation/Tourism-Nabi+Ayla
Nasriyet Zahleh,Zahle,Beqaa,1,0,0,0,5,5,0,Index below 8,http://linked.aub.edu.lb/CODEC/Lebanon/observation/Tourism-Nasriyet+Zahleh
Niha Zahleh,Zahle,Beqaa,0,0,0,0,0,0,1,Index below 8,http://linked.aub.edu.lb/CODEC/Lebanon/observation/Tourism-Niha+Zahleh
Qaa Er-Rim,Zahle,Beqaa,6,0,5,1,0,6,0,Index below 8,http://linked.aub.edu.lb/CODEC/Lebanon/observation/Tourism-Qaa+Er-Rim
Qabb Elias,Zahle,Beqaa,10,6,12,1,7,26,1,High index (8-10),http://linked.aub.edu.lb/CODEC/Lebanon/observation/Tourism-Qabb+Elias
Qoussaya,Zahle,Beqaa,3,0,1,0,0,1,0,Index below 8,http://linked.aub.edu.lb/CODEC/Lebanon/observation/Tourism-Qoussaya
Raait,Zahle,Beqaa,0,0,0,0,0,0,0,Index below 8,http://linked.aub.edu.lb/CODEC/Lebanon/observation/Tourism-Raait
Saadnayel,Zahle,Beqaa,3,6,0,0,0,6,0,Index below 8,http://linked.aub.edu.lb/CODEC/Lebanon/observation/Tourism-Saadnayel
Taalbaya,Zahle,Beqaa,3,0,4,0,0,4,0,Index below 8,http://linked.aub.edu.lb/CODEC/Lebanon/observation/Tourism-Taalbaya
Terbol Zahleh,Zahle,Beqaa,6,1,2,0,0,3,0,Index below 8,http://linked.aub.edu.lb/CODEC/Lebanon/observation/Tourism-Terbol+Zahleh
Zahleh El-Maallaqa,Zahle,Beqaa,10,20,80,5,3,108,0,High index (8-10),http://linked.aub.edu.lb/CODEC/Lebanon/observation/Tourism-Zahleh+El-Maallaqa
Aain Aanoub,Aley,Mount Lebanon,0,0,0,0,0,0,0,Index below 8,http://linked.aub.edu.lb/CODEC/Lebanon/observation/Tourism-Aain+Aanoub
Aain Dara,Aley,Mount Lebanon,0,0,0,0,0,0,0,Index below 8,http://linked.aub.edu.lb/CODEC/Lebanon/observation/Tourism-Aain+Dara
Aain Drafil,Aley,Mount Lebanon,6,1,1,0,0,2,0,Index below 8,http://linked.aub.edu.lb/CODEC/Lebanon/observation/Tourism-Aain+Drafil
Aain Ej-Jdideh Aaley,Aley,Mount Lebanon,3,0,2,0,0,2,0,Index below 8,http://linked.aub.edu.lb/CODEC/Lebanon/observation/Tourism-Aain+Ej-Jdideh+Aaley
Aain El Saydeh,Aley,Mount Lebanon,6,0,1,2,0,3,0,Index below 8,http://linked.aub.edu.lb/CODEC/Lebanon/observation/Tourism-Aain+El+Saydeh
Aain Er-Roummaneh Aaley,Aley,Mount Lebanon,9,2,2,1,0,5,1,High index (8-10),http://linked.aub.edu.lb/CODEC/Lebanon/observation/Tourism-Aain+Er-Roummaneh+Aaley
Aain Fraidis,Aley,Mount Lebanon,0,0,0,0,0,0,0,Index below 8,http://linked.aub.edu.lb/CODEC/Lebanon/observation/Tourism-Aain+Fraidis
Aain Ksour,Aley,Mount Lebanon,0,0,0,0,0,0,0,Index below 8,http://linked.aub.edu.lb/CODEC/Lebanon/observation/Tourism-Aain+Ksour
Aain Traz,Aley,Mount Lebanon,0,0,0,0,0,0,1,Index below 8,http://linked.aub.edu.lb/CODEC/Lebanon/observation/Tourism-Aain+Traz
Aaley,Aley,Mount Lebanon,9,20,20,5,0,45,1,High index (8-10),http://linked.aub.edu.lb/CODEC/Lebanon/observation/Tourism-Aaley
Aaley Bsatine,Aley,Mount Lebanon,3,0,2,0,0,2,0,Index below 8,http://linked.aub.edu.lb/CODEC/Lebanon/observation/Tourism-Aaley+Bsatine
Aaramoun Kesrouane,Aley,Mount Lebanon,3,5,0,0,0,5,0,Index below 8,http://linked.aub.edu.lb/CODEC/Lebanon/observation/Tourism-Aaramoun+Kesrouane
Aaynab,Aley,Mount Lebanon,0,0,0,0,0,0,0,Index below 8,http://linked.aub.edu.lb/CODEC/Lebanon/observation/Tourism-Aaynab
Aaytat,Aley,Mount Lebanon,3,0,1,0,0,1,0,Index below 8,http://linked.aub.edu.lb/CODEC/Lebanon/observation/Tourism-Aaytat
Baaouerta,Aley,Mount Lebanon,3,0,1,0,0,1,0,Index below 8,http://linked.aub.edu.lb/CODEC/Lebanon/observation/Tourism-Baaouerta
Baisour,Aley,Mount Lebanon,7,3,7,0,20,30,1,Index below 8,http://linked.aub.edu.lb/CODEC/Lebanon/observation/Tourism-Baisour
Bchamoun,Aley,Mount Lebanon,0,0,0,0,0,0,0,Index below 8,http://linked.aub.edu.lb/CODEC/Lebanon/observation/Tourism-Bchamoun
Bdadoun,Aley,Mount Lebanon,4,2,0,0,4,6,1,Index below 8,http://linked.aub.edu.lb/CODEC/Lebanon/observation/Tourism-Bdadoun
Bedghan Oua Ouadi Bedghan,Aley,Mount Lebanon,0,0,0,0,0,0,0,Index below 8,http://linked.aub.edu.lb/CODEC/Lebanon/observation/Tourism-Bedghan+Oua+Ouadi+Bedghan
Bhamdoun Ed-Dayaa,Aley,Mount Lebanon,0,0,0,0,0,0,0,Index below 8,http://linked.aub.edu.lb/CODEC/Lebanon/observation/Tourism-Bhamdoun+Ed-Dayaa
Bhamdoun El-Mhatta,Aley,Mount Lebanon,10,3,2,4,3,12,0,High index (8-10),http://linked.aub.edu.lb/CODEC/Lebanon/observation/Tourism-Bhamdoun+El-Mhatta
Binnay,Aley,Mount Lebanon,0,0,0,0,0,0,1,Index below 8,http://linked.aub.edu.lb/CODEC/Lebanon/observation/Tourism-Binnay
Bisrin,Aley,Mount Lebanon,0,0,0,0,0,0,0,Index below 8,http://linked.aub.edu.lb/CODEC/Lebanon/observation/Tourism-Bisrin
Bkhichtay,Aley,Mount Lebanon,0,0,0,0,0,0,0,Index below 8,http://linked.aub.edu.lb/CODEC/Lebanon/observation/Tourism-Bkhichtay
Blaybel,Aley,Mount Lebanon,3,0,1,0,0,1,0,Index below 8,http://linked.aub.edu.lb/CODEC/Lebanon/observation/Tourism-Blaybel
Bmahray,Aley,Mount Lebanon,7,1,2,0,6,9,1,Index below 8,http://linked.aub.edu.lb/CODEC/Lebanon/observation/Tourism-Bmahray
Bmakine,Aley,Mount Lebanon,6,1,0,2,0,3,0,Index below 8,http://linked.aub.edu.lb/CODEC/Lebanon/observation/Tourism-Bmakine
Bohwara,Aley,Mount Lebanon,0,0,0,0,0,0,0,Index below 8,http://linked.aub.edu.lb/CODEC/Lebanon/observation/Tourism-Bohwara
Bsous,Aley,Mount Lebanon,0,0,0,0,0,0,0,Index below 8,http://linked.aub.edu.lb/CODEC/Lebanon/observation/Tourism-Bsous
Btalloun,Aley,Mount Lebanon,6,0,1,0,0,1,0,Index below 8,http://linked.aub.edu.lb/CODEC/Lebanon/observation/Tourism-Btalloun
Btater,Aley,Mount Lebanon,0,0,0,0,0,0,0,Index below 8,http://linked.aub.edu.lb/CODEC/Lebanon/observation/Tourism-Btater
Chanay,Aley,Mount Lebanon,3,2,0,0,0,2,1,Index below 8,http://linked.aub.edu.lb/CODEC/Lebanon/observation/Tourism-Chanay
Charoun,Aley,Mount Lebanon,9,1,2,1,0,4,1,High index (8-10),http://linked.aub.edu.lb/CODEC/Lebanon/observation/Tourism-Charoun
Chartoun,Aley,Mount Lebanon,0,0,0,0,0,0,1,Index below 8,http://linked.aub.edu.lb/CODEC/Lebanon/observation/Tourism-Chartoun
Chimlane,Aley,Mount Lebanon,6,1,3,0,0,4,0,Index below 8,http://linked.aub.edu.lb/CODEC/Lebanon/observation/Tourism-Chimlane
Choueifat El-Aamrousiyeh,Aley,Mount Lebanon,9,10,20,5,0,35,0,High index (8-10),http://linked.aub.edu.lb/CODEC/Lebanon/observation/Tourism-Choueifat+El-Aamrousiyeh
Daqqoun,Aley,Mount Lebanon,0,0,0,0,0,0,0,Index below 8,http://linked.aub.edu.lb/CODEC/Lebanon/observation/Tourism-Daqqoun
Deir Qoubel,Aley,Mount Lebanon,0,0,0,0,0,0,0,Index below 8,http://linked.aub.edu.lb/CODEC/Lebanon/observation/Tourism-Deir+Qoubel
Dfoun,Aley,Mount Lebanon,0,0,0,0,0,0,0,Index below 8,http://linked.aub.edu.lb/CODEC/Lebanon/observation/Tourism-Dfoun
Ghaboune,Aley,Mount Lebanon,0,0,0,0,0,0,0,Index below 8,http://linked.aub.edu.lb/CODEC/Lebanon/observation/Tourism-Ghaboune
Ighmid,Aley,Mount Lebanon,6,2,1,0,0,3,0,Index below 8,http://linked.aub.edu.lb/CODEC/Lebanon/observation/Tourism-Ighmid
Kahhaleh,Aley,Mount Lebanon,0,0,0,0,0,0,0,Index below 8,http://linked.aub.edu.lb/CODEC/Lebanon/observation/Tourism-Kahhaleh
Keyfoun,Aley,Mount Lebanon,9,3,1,1,0,5,0,High index (8-10),http://linked.aub.edu.lb/CODEC/Lebanon/observation/Tourism-Keyfoun
Kfar Aamay,Aley,Mount Lebanon,0,0,0,0,0,0,1,Index below 8,http://linked.aub.edu.lb/CODEC/Lebanon/observation/Tourism-Kfar+Aamay
Kfar Matta,Aley,Mount Lebanon,6,2,2,0,0,4,0,Index below 8,http://linked.aub.edu.lb/CODEC/Lebanon/observation/Tourism-Kfar+Matta
Maasrati,Aley,Mount Lebanon,0,0,0,0,0,0,1,Index below 8,http://linked.aub.edu.lb/CODEC/Lebanon/observation/Tourism-Maasrati
Majdel Baana,Aley,Mount Lebanon,6,3,3,0,0,6,0,Index below 8,http://linked.aub.edu.lb/CODEC/Lebanon/observation/Tourism-Majdel+Baana
Mansouriyet Bhamdoun,Aley,Mount Lebanon,3,1,0,0,0,1,0,Index below 8,http://linked.aub.edu.lb/CODEC/Lebanon/observation/Tourism-Mansouriyet+Bhamdoun
Mcherfeh,Aley,Mount Lebanon,0,0,0,0,0,0,0,Index below 8,http://linked.aub.edu.lb/CODEC/Lebanon/observation/Tourism-Mcherfeh
Mejdlaiya,Aley,Mount Lebanon,0,0,0,0,0,0,1,Index below 8,http://linked.aub.edu.lb/CODEC/Lebanon/observation/Tourism-Mejdlaiya
Mraijat,Aley,Mount Lebanon,0,0,0,0,0,0,0,Index below 8,http://linked.aub.edu.lb/CODEC/Lebanon/observation/Tourism-Mraijat
Qmatiyeh,Aley,Mount Lebanon,6,1,1,0,0,2,0,Index below 8,http://linked.aub.edu.lb/CODEC/Lebanon/observation/Tourism-Qmatiyeh
Ramlieh,Aley,Mount Lebanon,0,0,0,0,0,0,0,Index below 8,http://linked.aub.edu.lb/CODEC/Lebanon/observation/Tourism-Ramlieh
Richmaiya,Aley,Mount Lebanon,3,0,7,0,0,7,0,Index below 8,http://linked.aub.edu.lb/CODEC/Lebanon/observation/Tourism-Richmaiya
Rijmeh,Aley,Mount Lebanon,0,0,0,0,0,0,0,Index below 8,http://linked.aub.edu.lb/CODEC/Lebanon/observation/Tourism-Rijmeh
Rimhala,Aley,Mount Lebanon,1,0,0,0,0,0,1,Index below 8,http://linked.aub.edu.lb/CODEC/Lebanon/observation/Tourism-Rimhala
Saoufar,Aley,Mount Lebanon,0,0,0,0,0,0,0,Index below 8,http://linked.aub.edu.lb/CODEC/Lebanon/observation/Tourism-Saoufar
Selfaya,Aley,Mount Lebanon,6,1,1,0,0,2,0,Index below 8,http://linked.aub.edu.lb/CODEC/Lebanon/observation/Tourism-Selfaya
Sirhmoul,Aley,Mount Lebanon,1,0,0,0,2,2,1,Index below 8,http://linked.aub.edu.lb/CODEC/Lebanon/observation/Tourism-Sirhmoul
Souq El-Gharb,Aley,Mount Lebanon,0,0,0,0,0,0,0,Index below 8,http://linked.aub.edu.lb/CODEC/Lebanon/observation/Tourism-Souq+El-Gharb
Taazaniyeh,Aley,Mount Lebanon,0,0,0,0,0,0,0,Index below 8,http://linked.aub.edu.lb/CODEC/Lebanon/observation/Tourism-Taazaniyeh
Aabadiyeh,Baabda,Mount Lebanon,3,0,0,1,0,1,1,Index below 8,http://linked.aub.edu.lb/CODEC/Lebanon/observation/Tourism-Aabadiyeh
Aain Mouaffaq,Baabda,Mount Lebanon,0,0,0,0,0,0,0,Index below 8,http://linked.aub.edu.lb/CODEC/Lebanon/observation/Tourism-Aain+Mouaffaq
Aaraiya,Baabda,Mount Lebanon,3,0,1,0,0,1,0,Index below 8,http://linked.aub.edu.lb/CODEC/Lebanon/observation/Tourism-Aaraiya
Aarbaniyeh,Baabda,Mount Lebanon,0,0,0,0,0,0,0,Index below 8,http://linked.aub.edu.lb/CODEC/Lebanon/observation/Tourism-Aarbaniyeh
Arsoun,Baabda,Mount Lebanon,0,0,0,0,0,0,0,Index below 8,http://linked.aub.edu.lb/CODEC/Lebanon/observation/Tourism-Arsoun
Baabda-Louaizi,Baabda,Mount Lebanon,0,0,0,0,0,0,0,Index below 8,http://linked.aub.edu.lb/CODEC/Lebanon/observation/Tourism-Baabda-Louaizi
Baalchmay,Baabda,Mount Lebanon,0,0,0,0,0,0,0,Index below 8,http://linked.aub.edu.lb/CODEC/Lebanon/observation/Tourism-Baalchmay
Bmaryam,Baabda,Mount Lebanon,9,1,4,3,0,8,1,High index (8-10),http://linked.aub.edu.lb/CODEC/Lebanon/observation/Tourism-Bmaryam
Bourj El-Brajneh,Baabda,Mount Lebanon,9,20,20,2,0,42,0,High index (8-10),http://linked.aub.edu.lb/CODEC/Lebanon/observation/Tourism-Bourj+El-Brajneh
Boutchay,Baabda,Mount Lebanon,0,0,0,0,0,0,0,Index below 8,http://linked.aub.edu.lb/CODEC/Lebanon/observation/Tourism-Boutchay
Bsaba Baabda,Baabda,Mount Lebanon,3,0,1,0,0,1,0,Index below 8,http://linked.aub.edu.lb/CODEC/Lebanon/observation/Tourism-Bsaba+Baabda
Btekhnay,Baabda,Mount Lebanon,1,0,0,0,10,10,0,Index below 8,http://linked.aub.edu.lb/CODEC/Lebanon/observation/Tourism-Btekhnay
Chiyah,Baabda,Mount Lebanon,9,3,4,1,0,8,0,High index (8-10),http://linked.aub.edu.lb/CODEC/Lebanon/observation/Tourism-Chiyah
Chouit,Baabda,Mount Lebanon,0,0,0,0,0,0,1,Index below 8,http://linked.aub.edu.lb/CODEC/Lebanon/observation/Tourism-Chouit
Deir El-harf,Baabda,Mount Lebanon,6,2,1,0,0,3,0,Index below 8,http://linked.aub.edu.lb/CODEC/Lebanon/observation/Tourism-Deir+El-harf
Falougha,Baabda,Mount Lebanon,0,0,0,0,0,0,0,Index below 8,http://linked.aub.edu.lb/CODEC/Lebanon/observation/Tourism-Falougha
Furn Ech-Chebbak,Baabda,Mount Lebanon,6,6,32,0,0,38,0,Index below 8,http://linked.aub.edu.lb/CODEC/Lebanon/observation/Tourism-Furn+Ech-Chebbak
Ghobairi,Baabda,Mount Lebanon,9,90,83,4,0,177,0,High index (8-10),http://linked.aub.edu.lb/CODEC/Lebanon/observation/Tourism-Ghobairi
Hadath-Sbeineh,Baabda,Mount Lebanon,9,50,50,1,0,101,0,High index (8-10),http://linked.aub.edu.lb/CODEC/Lebanon/observation/Tourism-Hadath-Sbeineh
Hammana,Baabda,Mount Lebanon,10,7,15,3,10,35,1,High index (8-10),http://linked.aub.edu.lb/CODEC/Lebanon/observation/Tourism-Hammana
Haret Es-Sit,Baabda,Mount Lebanon,0,0,0,0,0,0,0,Index below 8,http://linked.aub.edu.lb/CODEC/Lebanon/observation/Tourism-Haret+Es-Sit
Haret Hreik,Baabda,Mount Lebanon,6,90,72,0,0,162,0,Index below 8,http://linked.aub.edu.lb/CODEC/Lebanon/observation/Tourism-Haret+Hreik
Hasbaiya El-Matn,Baabda,Mount Lebanon,0,0,0,0,0,0,0,Index below 8,http://linked.aub.edu.lb/CODEC/Lebanon/observation/Tourism-Hasbaiya+El-Matn
Hazmiyah,Baabda,Mount Lebanon,0,0,0,0,0,0,0,Index below 8,http://linked.aub.edu.lb/CODEC/Lebanon/observation/Tourism-Hazmiyah
Hlaliyeh,Baabda,Mount Lebanon,3,2,0,0,0,2,0,Index below 8,http://linked.aub.edu.lb/CODEC/Lebanon/observation/Tourism-Hlaliyeh+
Jouar El-Haouz,Baabda,Mount Lebanon,6,2,3,0,0,5,0,Index below 8,http://linked.aub.edu.lb/CODEC/Lebanon/observation/Tourism-Jouar+El-Haouz
Jouret Arsoun,Baabda,Mount Lebanon,6,1,1,0,0,2,0,Index below 8,http://linked.aub.edu.lb/CODEC/Lebanon/observation/Tourism-Jouret+Arsoun
Kfar Chima,Baabda,Mount Lebanon,3,0,3,0,0,3,1,Index below 8,http://linked.aub.edu.lb/CODEC/Lebanon/observation/Tourism-Kfar+Chima
Kfar Selouane,Baabda,Mount Lebanon,3,0,0,0,0,0,1,Index below 8,http://linked.aub.edu.lb/CODEC/Lebanon/observation/Tourism-Kfar+Selouane
Khreibet Baabda,Baabda,Mount Lebanon,0,0,0,0,0,0,1,Index below 8,http://linked.aub.edu.lb/CODEC/Lebanon/observation/Tourism-Khreibet+Baabda
Ouadi Chahrour El Aaoulia,Baabda,Mount Lebanon,0,0,0,0,0,0,1,Index below 8,http://linked.aub.edu.lb/CODEC/Lebanon/observation/Tourism-Ouadi+Chahrour+El+Aaoulia
Ouadi Chahrour Es-Soufla,Baabda,Mount Lebanon,3,2,0,0,0,2,0,Index below 8,http://linked.aub.edu.lb/CODEC/Lebanon/observation/Tourism-Ouadi+Chahrour+Es-Soufla
Qalaa,Baabda,Mount Lebanon,0,0,0,0,0,0,0,Index below 8,http://linked.aub.edu.lb/CODEC/Lebanon/observation/Tourism-Qalaa
Qobbayaa,Baabda,Mount Lebanon,3,0,2,0,0,2,0,Index below 8,http://linked.aub.edu.lb/CODEC/Lebanon/observation/Tourism-Qobbayaa
Qornayel,Baabda,Mount Lebanon,6,3,1,0,0,4,1,Index below 8,http://linked.aub.edu.lb/CODEC/Lebanon/observation/Tourism-Qornayel
Qortada,Baabda,Mount Lebanon,3,2,0,0,0,2,0,Index below 8,http://linked.aub.edu.lb/CODEC/Lebanon/observation/Tourism-Qortada
Qraiyeh,Baabda,Mount Lebanon,9,1,1,1,0,3,0,High index (8-10),http://linked.aub.edu.lb/CODEC/Lebanon/observation/Tourism-Qraiyeh
Qsaibet En-Nabatiyeh,Baabda,Mount Lebanon,0,0,0,0,0,0,1,Index below 8,http://linked.aub.edu.lb/CODEC/Lebanon/observation/Tourism-Qsaibet+En-Nabatiyeh
Ras El Matn,Baabda,Mount Lebanon,0,0,0,0,0,0,0,Index below 8,http://linked.aub.edu.lb/CODEC/Lebanon/observation/Tourism-Ras+El+Matn
Ras El-Href,Baabda,Mount Lebanon,3,2,0,0,0,2,0,Index below 8,http://linked.aub.edu.lb/CODEC/Lebanon/observation/Tourism-Ras+El-Href
Rouayssrt El-Ballout,Baabda,Mount Lebanon,1,0,0,0,1,1,1,Index below 8,http://linked.aub.edu.lb/CODEC/Lebanon/observation/Tourism-Rouayssrt+El-Ballout
Salima Baabda,Baabda,Mount Lebanon,6,2,2,0,0,4,1,Index below 8,http://linked.aub.edu.lb/CODEC/Lebanon/observation/Tourism-Salima+Baabda
Tahouitat El Ghadir,Baabda,Mount Lebanon,0,0,0,0,0,0,0,Index below 8,http://linked.aub.edu.lb/CODEC/Lebanon/observation/Tourism-Tahouitat+El+Ghadir
Tarchich,Baabda,Mount Lebanon,7,2,2,0,1,5,1,Index below 8,http://linked.aub.edu.lb/CODEC/Lebanon/observation/Tourism-Tarchich
Zandouqa,Baabda,Mount Lebanon,3,0,1,0,0,1,1,Index below 8,http://linked.aub.edu.lb/CODEC/Lebanon/observation/Tourism-Zandouqa
shebaneye,Baabda,Mount Lebanon,9,3,2,1,0,6,1,High index (8-10),http://linked.aub.edu.lb/CODEC/Lebanon/observation/Tourism-shebaneye
Aabaydat,Byblos,Mount Lebanon,3,0,1,0,0,1,0,Index below 8,http://linked.aub.edu.lb/CODEC/Lebanon/observation/Tourism-Aabaydat
Aain Ed-Delbe,Byblos,Mount Lebanon,0,0,0,0,0,0,0,Index below 8,http://linked.aub.edu.lb/CODEC/Lebanon/observation/Tourism-Aain+Ed-Delbe
Aain El-Ghouaybeh,Byblos,Mount Lebanon,0,0,0,0,0,0,1,Index below 8,http://linked.aub.edu.lb/CODEC/Lebanon/observation/Tourism-Aain+El-Ghouaybeh
Aain Jrain,Byblos,Mount Lebanon,0,0,0,0,0,0,1,Index below 8,http://linked.aub.edu.lb/CODEC/Lebanon/observation/Tourism-Aain+Jrain
Aain Kfaa,Byblos,Mount Lebanon,0,0,0,0,0,0,0,Index below 8,http://linked.aub.edu.lb/CODEC/Lebanon/observation/Tourism-Aain+Kfaa
Aain challal,Byblos,Mount Lebanon,0,0,0,0,0,0,0,Index below 8,http://linked.aub.edu.lb/CODEC/Lebanon/observation/Tourism-Aain+challal
Aamchit,Byblos,Mount Lebanon,10,3,15,1,4,23,1,High index (8-10),http://linked.aub.edu.lb/CODEC/Lebanon/observation/Tourism-Aamchit
Adonis,Byblos,Mount Lebanon,0,0,0,0,0,0,0,Index below 8,http://linked.aub.edu.lb/CODEC/Lebanon/observation/Tourism-Adonis
Afqa Jbeil,Byblos,Mount Lebanon,3,2,0,0,0,2,1,Index below 8,http://linked.aub.edu.lb/CODEC/Lebanon/observation/Tourism-Afqa+Jbeil
Almat,Byblos,Mount Lebanon,3,2,0,0,0,2,0,Index below 8,http://linked.aub.edu.lb/CODEC/Lebanon/observation/Tourism-Almat
Bayzoun,Byblos,Mount Lebanon,0,0,0,0,0,0,0,Index below 8,http://linked.aub.edu.lb/CODEC/Lebanon/observation/Tourism-Bayzoun
Behdaydat,Byblos,Mount Lebanon,0,0,0,0,0,0,1,Index below 8,http://linked.aub.edu.lb/CODEC/Lebanon/observation/Tourism-Behdaydat
Beit Hbaq,Byblos,Mount Lebanon,0,0,0,0,0,0,0,Index below 8,http://linked.aub.edu.lb/CODEC/Lebanon/observation/Tourism-Beit+Hbaq
Bejjeh,Byblos,Mount Lebanon,0,0,0,0,0,0,0,Index below 8,http://linked.aub.edu.lb/CODEC/Lebanon/observation/Tourism-Bejjeh
Bekhaaz,Byblos,Mount Lebanon,0,0,0,0,0,0,0,Index below 8,http://linked.aub.edu.lb/CODEC/Lebanon/observation/Tourism-Bekhaaz
Berbara Jbeil,Byblos,Mount Lebanon,4,0,0,2,1,3,0,Index below 8,http://linked.aub.edu.lb/CODEC/Lebanon/observation/Tourism-Berbara+Jbeil
Bichtlida,Byblos,Mount Lebanon,3,0,1,0,0,1,0,Index below 8,http://linked.aub.edu.lb/CODEC/Lebanon/observation/Tourism-Bichtlida
Bintaael,Byblos,Mount Lebanon,0,0,0,0,0,0,1,Index below 8,http://linked.aub.edu.lb/CODEC/Lebanon/observation/Tourism-Bintaael
Blat Marjaayoun,Byblos,Mount Lebanon,0,0,0,0,0,0,1,Index below 8,http://linked.aub.edu.lb/CODEC/Lebanon/observation/Tourism-Blat+Marjaayoun
Boulhos,Byblos,Mount Lebanon,0,0,0,0,0,0,0,Index below 8,http://linked.aub.edu.lb/CODEC/Lebanon/observation/Tourism-Boulhos
Chamate,Byblos,Mount Lebanon,0,0,0,0,0,0,0,Index below 8,http://linked.aub.edu.lb/CODEC/Lebanon/observation/Tourism-Chamate
Chikhane,Byblos,Mount Lebanon,0,0,0,0,0,0,0,Index below 8,http://linked.aub.edu.lb/CODEC/Lebanon/observation/Tourism-Chikhane
Damalsa,Byblos,Mount Lebanon,0,0,0,0,0,0,0,Index below 8,http://linked.aub.edu.lb/CODEC/Lebanon/observation/Tourism-Damalsa
Eddeh Jbeil,Byblos,Mount Lebanon,3,2,0,0,0,2,1,Index below 8,http://linked.aub.edu.lb/CODEC/Lebanon/observation/Tourism-Eddeh+Jbeil
Ehmej,Byblos,Mount Lebanon,10,3,6,1,7,17,1,High index (8-10),http://linked.aub.edu.lb/CODEC/Lebanon/observation/Tourism-Ehmej
Fatre,Byblos,Mount Lebanon,1,0,0,0,10,10,0,Index below 8,http://linked.aub.edu.lb/CODEC/Lebanon/observation/Tourism-Fatre
Ferhet,Byblos,Mount Lebanon,0,0,0,0,0,0,0,Index below 8,http://linked.aub.edu.lb/CODEC/Lebanon/observation/Tourism-Ferhet
Fghal,Byblos,Mount Lebanon,9,1,2,1,0,4,0,High index (8-10),http://linked.aub.edu.lb/CODEC/Lebanon/observation/Tourism-Fghal
Ghabat,Byblos,Mount Lebanon,0,0,0,0,0,0,0,Index below 8,http://linked.aub.edu.lb/CODEC/Lebanon/observation/Tourism-Ghabat
Ghalboun,Byblos,Mount Lebanon,7,0,1,1,2,4,1,Index below 8,http://linked.aub.edu.lb/CODEC/Lebanon/observation/Tourism-Ghalboun
Gharzouz,Byblos,Mount Lebanon,0,0,0,0,0,0,0,Index below 8,http://linked.aub.edu.lb/CODEC/Lebanon/observation/Tourism-Gharzouz
Ghoifine,Byblos,Mount Lebanon,3,2,0,0,0,2,1,Index below 8,http://linked.aub.edu.lb/CODEC/Lebanon/observation/Tourism-Ghoifine
Habil,Byblos,Mount Lebanon,0,0,0,0,0,0,0,Index below 8,http://linked.aub.edu.lb/CODEC/Lebanon/observation/Tourism-Habil
Hakel,Byblos,Mount Lebanon,0,0,0,0,0,0,0,Index below 8,http://linked.aub.edu.lb/CODEC/Lebanon/observation/Tourism-Hakel
Halate,Byblos,Mount Lebanon,0,0,0,0,0,0,0,Index below 8,http://linked.aub.edu.lb/CODEC/Lebanon/observation/Tourism-Halate
Hasrayel,Byblos,Mount Lebanon,3,4,0,0,0,4,0,Index below 8,http://linked.aub.edu.lb/CODEC/Lebanon/observation/Tourism-Hasrayel
Hdeine,Byblos,Mount Lebanon,0,0,0,0,0,0,0,Index below 8,http://linked.aub.edu.lb/CODEC/Lebanon/observation/Tourism-Hdeine
Hjoula,Byblos,Mount Lebanon,0,0,0,0,0,0,1,Index below 8,http://linked.aub.edu.lb/CODEC/Lebanon/observation/Tourism-Hjoula
Hsarat,Byblos,Mount Lebanon,0,0,0,0,0,0,0,Index below 8,http://linked.aub.edu.lb/CODEC/Lebanon/observation/Tourism-Hsarat
Hsoun,Byblos,Mount Lebanon,0,0,0,0,0,0,0,Index below 8,http://linked.aub.edu.lb/CODEC/Lebanon/observation/Tourism-Hsoun
Jaj,Byblos,Mount Lebanon,3,0,3,0,0,3,0,Index below 8,http://linked.aub.edu.lb/CODEC/Lebanon/observation/Tourism-Jaj
Janneh Mar Sarkis,Byblos,Mount Lebanon,0,0,0,0,0,0,0,Index below 8,http://linked.aub.edu.lb/CODEC/Lebanon/observation/Tourism-Janneh+Mar+Sarkis
Jbeil,Byblos,Mount Lebanon,9,24,64,8,0,96,1,High index (8-10),http://linked.aub.edu.lb/CODEC/Lebanon/observation/Tourism-Jbeil
Jeoddayel Jbeil,Byblos,Mount Lebanon,0,0,0,0,0,0,0,Index below 8,http://linked.aub.edu.lb/CODEC/Lebanon/observation/Tourism-Jeoddayel+Jbeil
Kafr,Byblos,Mount Lebanon,0,0,0,0,0,0,0,Index below 8,http://linked.aub.edu.lb/CODEC/Lebanon/observation/Tourism-Kafr
Kafrkida,Byblos,Mount Lebanon,0,0,0,0,0,0,0,Index below 8,http://linked.aub.edu.lb/CODEC/Lebanon/observation/Tourism-Kafrkida
Kfar Baal,Byblos,Mount Lebanon,9,18,5,3,0,26,0,High index (8-10),http://linked.aub.edu.lb/CODEC/Lebanon/observation/Tourism-Kfar+Baal
Kfoun,Byblos,Mount Lebanon,1,0,0,0,8,8,1,Index below 8,http://linked.aub.edu.lb/CODEC/Lebanon/observation/Tourism-Kfoun
Kharbe,Byblos,Mount Lebanon,1,0,0,0,2,2,0,Index below 8,http://linked.aub.edu.lb/CODEC/Lebanon/observation/Tourism-Kharbe
Laqlouq,Byblos,Mount Lebanon,0,0,0,0,0,0,0,Index below 8,http://linked.aub.edu.lb/CODEC/Lebanon/observation/Tourism-Laqlouq
Lassa,Byblos,Mount Lebanon,3,3,0,0,0,3,0,Index below 8,http://linked.aub.edu.lb/CODEC/Lebanon/observation/Tourism-Lassa
Lehfed,Byblos,Mount Lebanon,4,0,3,0,1,4,1,Index below 8,http://linked.aub.edu.lb/CODEC/Lebanon/observation/Tourism-Lehfed
Maad,Byblos,Mount Lebanon,0,0,0,0,0,0,1,Index below 8,http://linked.aub.edu.lb/CODEC/Lebanon/observation/Tourism-Maad
Majdel El-Aqoura,Byblos,Mount Lebanon,3,0,0,2,0,2,0,Index below 8,http://linked.aub.edu.lb/CODEC/Lebanon/observation/Tourism-Majdel+El-Aqoura
Mayfouq,Byblos,Mount Lebanon,0,0,0,0,0,0,0,Index below 8,http://linked.aub.edu.lb/CODEC/Lebanon/observation/Tourism-Mayfouq
Mchaneh,Byblos,Mount Lebanon,0,0,0,0,0,0,0,Index below 8,http://linked.aub.edu.lb/CODEC/Lebanon/observation/Tourism-Mchaneh
Mghayreh Jbeil,Byblos,Mount Lebanon,0,0,0,0,0,0,0,Index below 8,http://linked.aub.edu.lb/CODEC/Lebanon/observation/Tourism-Mghayreh+Jbeil
Mounsef,Byblos,Mount Lebanon,0,0,0,0,0,0,0,Index below 8,http://linked.aub.edu.lb/CODEC/Lebanon/observation/Tourism-Mounsef
Nahr Ibrahim,Byblos,Mount Lebanon,3,3,0,0,0,3,0,Index below 8,http://linked.aub.edu.lb/CODEC/Lebanon/observation/Tourism-Nahr+Ibrahim
Qahmez,Byblos,Mount Lebanon,6,2,5,0,0,7,1,Index below 8,http://linked.aub.edu.lb/CODEC/Lebanon/observation/Tourism-Qahmez
Qartaba,Byblos,Mount Lebanon,9,2,2,2,0,6,0,High index (8-10),http://linked.aub.edu.lb/CODEC/Lebanon/observation/Tourism-Qartaba
Qraiyet Jlayse,Byblos,Mount Lebanon,9,1,2,1,0,4,0,High index (8-10),http://linked.aub.edu.lb/CODEC/Lebanon/observation/Tourism-Qraiyet+Jlayse
Rihana,Byblos,Mount Lebanon,3,0,0,1,0,1,0,Index below 8,http://linked.aub.edu.lb/CODEC/Lebanon/observation/Tourism-Rihana
Sariita,Byblos,Mount Lebanon,0,0,0,0,0,0,0,Index below 8,http://linked.aub.edu.lb/CODEC/Lebanon/observation/Tourism-Sariita
Tartij,Byblos,Mount Lebanon,6,1,1,0,0,2,1,Index below 8,http://linked.aub.edu.lb/CODEC/Lebanon/observation/Tourism-Tartij
Vidar,Byblos,Mount Lebanon,10,3,2,1,1,7,1,High index (8-10),http://linked.aub.edu.lb/CODEC/Lebanon/observation/Tourism-Vidar
Zebdine,Byblos,Mount Lebanon,3,1,0,0,0,1,1,Index below 8,http://linked.aub.edu.lb/CODEC/Lebanon/observation/Tourism-Zebdine
Aain Ouzain,Chouf,Mount Lebanon,3,0,1,0,0,1,0,Index below 8,http://linked.aub.edu.lb/CODEC/Lebanon/observation/Tourism-Aain+Ouzain
Aain Qania,Chouf,Mount Lebanon,0,0,0,0,0,0,0,Index below 8,http://linked.aub.edu.lb/CODEC/Lebanon/observation/Tourism-Aain+Qania
Aain Zhalta,Chouf,Mount Lebanon,10,2,6,2,3,13,1,High index (8-10),http://linked.aub.edu.lb/CODEC/Lebanon/observation/Tourism-Aain+Zhalta
Aainbal,Chouf,Mount Lebanon,0,0,0,0,0,0,0,Index below 8,http://linked.aub.edu.lb/CODEC/Lebanon/observation/Tourism-Aainbal
Aalmane Ech-Chouf,Chouf,Mount Lebanon,3,1,0,0,0,1,0,Index below 8,http://linked.aub.edu.lb/CODEC/Lebanon/observation/Tourism-Aalmane+Ech-Chouf
Aammatour,Chouf,Mount Lebanon,3,0,1,0,0,1,1,Index below 8,http://linked.aub.edu.lb/CODEC/Lebanon/observation/Tourism-Aammatour
Aanout,Chouf,Mount Lebanon,6,2,3,0,0,5,1,Index below 8,http://linked.aub.edu.lb/CODEC/Lebanon/observation/Tourism-Aanout
Aathrine,Chouf,Mount Lebanon,0,0,0,0,0,0,0,Index below 8,http://linked.aub.edu.lb/CODEC/Lebanon/observation/Tourism-Aathrine
Baadarane,Chouf,Mount Lebanon,4,0,1,0,2,3,1,Index below 8,http://linked.aub.edu.lb/CODEC/Lebanon/observation/Tourism-Baadarane
Baaqline,Chouf,Mount Lebanon,6,5,20,0,0,25,1,Index below 8,http://linked.aub.edu.lb/CODEC/Lebanon/observation/Tourism-Baaqline
Baassir,Chouf,Mount Lebanon,0,0,0,0,0,0,0,Index below 8,http://linked.aub.edu.lb/CODEC/Lebanon/observation/Tourism-Baassir
Barja,Chouf,Mount Lebanon,6,13,3,0,0,16,0,Index below 8,http://linked.aub.edu.lb/CODEC/Lebanon/observation/Tourism-Barja
Bater,Chouf,Mount Lebanon,0,0,0,0,0,0,0,Index below 8,http://linked.aub.edu.lb/CODEC/Lebanon/observation/Tourism-Bater
Batloun,Chouf,Mount Lebanon,6,0,2,1,0,3,0,Index below 8,http://linked.aub.edu.lb/CODEC/Lebanon/observation/Tourism-Batloun
Bchtfine,Chouf,Mount Lebanon,4,2,0,0,1,3,1,Index below 8,http://linked.aub.edu.lb/CODEC/Lebanon/observation/Tourism-Bchtfine
Beit Ed-Dine,Chouf,Mount Lebanon,7,0,3,1,1,5,0,Index below 8,http://linked.aub.edu.lb/CODEC/Lebanon/observation/Tourism-Beit+Ed-Dine
Bireh,Chouf,Mount Lebanon,3,1,0,0,0,1,0,Index below 8,http://linked.aub.edu.lb/CODEC/Lebanon/observation/Tourism-+Bireh
Bnoueiti,Chouf,Mount Lebanon,0,0,0,0,0,0,0,Index below 8,http://linked.aub.edu.lb/CODEC/Lebanon/observation/Tourism-Bnoueiti
Botmeh,Chouf,Mount Lebanon,0,0,0,0,0,0,0,Index below 8,http://linked.aub.edu.lb/CODEC/Lebanon/observation/Tourism-Botmeh
Bourjein,Chouf,Mount Lebanon,6,3,1,0,0,4,0,Index below 8,http://linked.aub.edu.lb/CODEC/Lebanon/observation/Tourism-Bourjein
Brih,Chouf,Mount Lebanon,1,0,0,0,3,3,1,Index below 8,http://linked.aub.edu.lb/CODEC/Lebanon/observation/Tourism-Brih
Bsaba Ech-Chouf,Chouf,Mount Lebanon,3,0,1,0,0,1,0,Index below 8,http://linked.aub.edu.lb/CODEC/Lebanon/observation/Tourism-Bsaba+Ech-Chouf
Chhim,Chouf,Mount Lebanon,6,2,1,0,0,3,1,Index below 8,http://linked.aub.edu.lb/CODEC/Lebanon/observation/Tourism-Chhim
Chourit,Chouf,Mount Lebanon,0,0,0,0,0,0,0,Index below 8,http://linked.aub.edu.lb/CODEC/Lebanon/observation/Tourism-Chourit
Dahr El-Maghara,Chouf,Mount Lebanon,0,0,0,0,0,0,0,Index below 8,http://linked.aub.edu.lb/CODEC/Lebanon/observation/Tourism-Dahr+El-Maghara
Dalhoun,Chouf,Mount Lebanon,3,3,0,0,0,3,1,Index below 8,http://linked.aub.edu.lb/CODEC/Lebanon/observation/Tourism-Dalhoun
Damour,Chouf,Mount Lebanon,9,4,5,2,0,11,0,High index (8-10),http://linked.aub.edu.lb/CODEC/Lebanon/observation/Tourism-Damour
Daraiya Ech-Chouf,Chouf,Mount Lebanon,6,2,3,0,0,5,0,Index below 8,http://linked.aub.edu.lb/CODEC/Lebanon/observation/Tourism-Daraiya+Ech-Chouf
Deir Baba,Chouf,Mount Lebanon,0,0,0,0,0,0,0,Index below 8,http://linked.aub.edu.lb/CODEC/Lebanon/observation/Tourism-Deir+Baba
Deir Dourit,Chouf,Mount Lebanon,9,2,2,1,0,5,0,High index (8-10),http://linked.aub.edu.lb/CODEC/Lebanon/observation/Tourism-Deir+Dourit
Deir Koucheh,Chouf,Mount Lebanon,3,0,2,0,0,2,0,Index below 8,http://linked.aub.edu.lb/CODEC/Lebanon/observation/Tourism-Deir+Koucheh
Dibbiyeh,Chouf,Mount Lebanon,9,3,4,2,0,9,0,High index (8-10),http://linked.aub.edu.lb/CODEC/Lebanon/observation/Tourism-Dibbiyeh
Dmit,Chouf,Mount Lebanon,4,0,3,0,1,4,0,Index below 8,http://linked.aub.edu.lb/CODEC/Lebanon/observation/Tourism-Dmit
Fouara,Chouf,Mount Lebanon,6,1,1,0,0,2,1,Index below 8,http://linked.aub.edu.lb/CODEC/Lebanon/observation/Tourism-Fouara
Fraudis Ech-Chouf,Chouf,Mount Lebanon,10,20,40,5,20,85,1,High index (8-10),http://linked.aub.edu.lb/CODEC/Lebanon/observation/Tourism-Fraudis+Ech-Chouf
Haret Jandal,Chouf,Mount Lebanon,3,4,0,0,0,4,1,Index below 8,http://linked.aub.edu.lb/CODEC/Lebanon/observation/Tourism-Haret+Jandal
Hasrout,Chouf,Mount Lebanon,0,0,0,0,0,0,0,Index below 8,http://linked.aub.edu.lb/CODEC/Lebanon/observation/Tourism-Hasrout
Jadra,Chouf,Mount Lebanon,6,0,3,3,0,6,0,Index below 8,http://linked.aub.edu.lb/CODEC/Lebanon/observation/Tourism-Jadra
Jahliyeh,Chouf,Mount Lebanon,0,0,0,0,0,0,0,Index below 8,http://linked.aub.edu.lb/CODEC/Lebanon/observation/Tourism-Jahliyeh
Jbaa En-Nabatiyeh,Chouf,Mount Lebanon,0,0,0,0,0,0,0,Index below 8,http://linked.aub.edu.lb/CODEC/Lebanon/observation/Tourism-Jbaa+En-Nabatiyeh
Jdeidet Ech-Chouf,Chouf,Mount Lebanon,3,0,2,0,0,2,0,Index below 8,http://linked.aub.edu.lb/CODEC/Lebanon/observation/Tourism-Jdeidet+Ech-Chouf
Jiyeh,Chouf,Mount Lebanon,10,10,15,3,2,30,1,High index (8-10),http://linked.aub.edu.lb/CODEC/Lebanon/observation/Tourism-Jiyeh
Jmailiyeh,Chouf,Mount Lebanon,0,0,0,0,0,0,0,Index below 8,http://linked.aub.edu.lb/CODEC/Lebanon/observation/Tourism-Jmailiyeh
Joun,Chouf,Mount Lebanon,0,0,0,0,0,0,0,Index below 8,http://linked.aub.edu.lb/CODEC/Lebanon/observation/Tourism-Joun
Kahlouniet Ech-Chouf,Chouf,Mount Lebanon,0,0,0,0,0,0,1,Index below 8,http://linked.aub.edu.lb/CODEC/Lebanon/observation/Tourism-Kahlouniet+Ech-Chouf
Ketermaya,Chouf,Mount Lebanon,6,1,6,0,0,7,0,Index below 8,http://linked.aub.edu.lb/CODEC/Lebanon/observation/Tourism-Ketermaya
Kfar Faqoud,Chouf,Mount Lebanon,3,2,0,0,0,2,0,Index below 8,http://linked.aub.edu.lb/CODEC/Lebanon/observation/Tourism-Kfar+Faqoud
Kfar Heam,Chouf,Mount Lebanon,0,0,0,0,0,0,0,Index below 8,http://linked.aub.edu.lb/CODEC/Lebanon/observation/Tourism-Kfar+Heam
Kfar Nabrakh,Chouf,Mount Lebanon,3,3,0,0,0,3,1,Index below 8,http://linked.aub.edu.lb/CODEC/Lebanon/observation/Tourism-Kfar+Nabrakh
Kfar Niss,Chouf,Mount Lebanon,3,0,1,0,0,1,0,Index below 8,http://linked.aub.edu.lb/CODEC/Lebanon/observation/Tourism-Kfar+Niss
Kfar Qatra,Chouf,Mount Lebanon,0,0,0,0,0,0,0,Index below 8,http://linked.aub.edu.lb/CODEC/Lebanon/observation/Tourism-Kfar+Qatra
Khereibet Ech-Chouf,Chouf,Mount Lebanon,0,0,0,0,0,0,0,Index below 8,http://linked.aub.edu.lb/CODEC/Lebanon/observation/Tourism-Khereibet+Ech-Chouf
Khirbet Bisri,Chouf,Mount Lebanon,3,0,3,0,0,3,0,Index below 8,http://linked.aub.edu.lb/CODEC/Lebanon/observation/Tourism-Khirbet+Bisri
Kleyleh,Chouf,Mount Lebanon,0,0,0,0,0,0,0,Index below 8,http://linked.aub.edu.lb/CODEC/Lebanon/observation/Tourism-Kleyleh
Kneisset Ech-Chouf,Chouf,Mount Lebanon,0,0,0,0,0,0,1,Index below 8,http://linked.aub.edu.lb/CODEC/Lebanon/observation/Tourism-Kneisset+Ech-Chouf
Maasser Beit Ed-Dine,Chouf,Mount Lebanon,10,5,10,2,5,22,1,High index (8-10),http://linked.aub.edu.lb/CODEC/Lebanon/observation/Tourism-Maasser+Beit+Ed-Dine
Maasser Ech-Chouf,Chouf,Mount Lebanon,0,0,0,0,0,0,0,Index below 8,http://linked.aub.edu.lb/CODEC/Lebanon/observation/Tourism-Maasser+Ech-Chouf
Majdalouna,Chouf,Mount Lebanon,0,0,0,0,0,0,0,Index below 8,http://linked.aub.edu.lb/CODEC/Lebanon/observation/Tourism-Majdalouna
Majdel El-Meouch,Chouf,Mount Lebanon,0,0,0,0,0,0,1,Index below 8,http://linked.aub.edu.lb/CODEC/Lebanon/observation/Tourism-Majdel+El-Meouch
Marj Barja,Chouf,Mount Lebanon,0,0,0,0,0,0,0,Index below 8,http://linked.aub.edu.lb/CODEC/Lebanon/observation/Tourism-Marj+Barja
Mazraat Ech-Chouf,Chouf,Mount Lebanon,0,0,0,0,0,0,0,Index below 8,http://linked.aub.edu.lb/CODEC/Lebanon/observation/Tourism-Mazraat+Ech-Chouf
Mazraat Es-Dahr,Chouf,Mount Lebanon,6,1,2,0,0,3,0,Index below 8,http://linked.aub.edu.lb/CODEC/Lebanon/observation/Tourism-Mazraat+Es-Dahr
Mechref,Chouf,Mount Lebanon,0,0,0,0,0,0,0,Index below 8,http://linked.aub.edu.lb/CODEC/Lebanon/observation/Tourism-Mechref
Mghairiyeh Ech-Chouf,Chouf,Mount Lebanon,6,3,1,0,0,4,1,Index below 8,http://linked.aub.edu.lb/CODEC/Lebanon/observation/Tourism-Mghairiyeh+Ech-Chouf
Mohtaqra,Chouf,Mount Lebanon,0,0,0,0,0,0,0,Index below 8,http://linked.aub.edu.lb/CODEC/Lebanon/observation/Tourism-Mohtaqra
Moukhtara,Chouf,Mount Lebanon,6,1,2,0,0,3,1,Index below 8,http://linked.aub.edu.lb/CODEC/Lebanon/observation/Tourism-Moukhtara
Mristi,Chouf,Mount Lebanon,1,0,0,0,0,0,1,Index below 8,http://linked.aub.edu.lb/CODEC/Lebanon/observation/Tourism-Mristi
Mtolleh,Chouf,Mount Lebanon,0,0,0,0,0,0,0,Index below 8,http://linked.aub.edu.lb/CODEC/Lebanon/observation/Tourism-Mtolleh
Nahmeh,Chouf,Mount Lebanon,0,0,0,0,0,0,0,Index below 8,http://linked.aub.edu.lb/CODEC/Lebanon/observation/Tourism-Nahmeh
Niha El-Chouf,Chouf,Mount Lebanon,4,4,0,0,2,6,0,Index below 8,http://linked.aub.edu.lb/CODEC/Lebanon/observation/Tourism-Niha+El-Chouf
Ouadi Banhlay,Chouf,Mount Lebanon,3,0,1,0,0,1,1,Index below 8,http://linked.aub.edu.lb/CODEC/Lebanon/observation/Tourism-Ouadi+Banhlay
Ouadi Ed-Deir,Chouf,Mount Lebanon,6,1,1,0,0,2,0,Index below 8,http://linked.aub.edu.lb/CODEC/Lebanon/observation/Tourism-Ouadi+Ed-Deir
Ouadi Es-Sitt,Chouf,Mount Lebanon,0,0,0,0,0,0,0,Index below 8,http://linked.aub.edu.lb/CODEC/Lebanon/observation/Tourism-Ouadi+Es-Sitt
Ouardaniyeh,Chouf,Mount Lebanon,7,2,2,0,1,5,0,Index below 8,http://linked.aub.edu.lb/CODEC/Lebanon/observation/Tourism-Ouardaniyeh
Ouarhaniyeh,Chouf,Mount Lebanon,0,0,0,0,0,0,0,Index below 8,http://linked.aub.edu.lb/CODEC/Lebanon/observation/Tourism-Ouarhaniyeh
Rmeilet Ech-Chouf,Chouf,Mount Lebanon,6,0,5,2,0,7,1,Index below 8,http://linked.aub.edu.lb/CODEC/Lebanon/observation/Tourism-Rmeilet+Ech-Chouf
Semqaniyeh,Chouf,Mount Lebanon,0,0,0,0,0,0,0,Index below 8,http://linked.aub.edu.lb/CODEC/Lebanon/observation/Tourism-Semqaniyeh
Sibline,Chouf,Mount Lebanon,6,3,3,0,0,6,0,Index below 8,http://linked.aub.edu.lb/CODEC/Lebanon/observation/Tourism-Sibline
Sirjbal,Chouf,Mount Lebanon,0,0,0,0,0,0,0,Index below 8,http://linked.aub.edu.lb/CODEC/Lebanon/observation/Tourism-Sirjbal
Zaarouriyeh,Chouf,Mount Lebanon,0,0,0,0,0,0,0,Index below 8,http://linked.aub.edu.lb/CODEC/Lebanon/observation/Tourism-Zaarouriyeh
mazboud,Chouf,Mount Lebanon,7,1,3,0,2,6,0,Index below 8,http://linked.aub.edu.lb/CODEC/Lebanon/observation/Tourism-mazboud
Aachqout,Keserwan,Mount Lebanon,3,0,10,0,0,10,0,Index below 8,http://linked.aub.edu.lb/CODEC/Lebanon/observation/Tourism-Aachqout
Aain Er-Rihane,Keserwan,Mount Lebanon,0,0,0,0,0,0,0,Index below 8,http://linked.aub.edu.lb/CODEC/Lebanon/observation/Tourism-Aain+Er-Rihane
Aajaltoun,Keserwan,Mount Lebanon,0,0,0,0,0,0,0,Index below 8,http://linked.aub.edu.lb/CODEC/Lebanon/observation/Tourism-Aajaltoun
Aaqaibeh Kesrouane,Keserwan,Mount Lebanon,6,0,20,2,0,22,1,Index below 8,http://linked.aub.edu.lb/CODEC/Lebanon/observation/Tourism-Aaqaibeh+Kesrouane
Aazra ouel Aazr,Keserwan,Mount Lebanon,6,0,2,1,0,3,0,Index below 8,http://linked.aub.edu.lb/CODEC/Lebanon/observation/Tourism-Aazra+ouel+Aazr
Adma Oua Dafine,Keserwan,Mount Lebanon,0,0,0,0,0,0,0,Index below 8,http://linked.aub.edu.lb/CODEC/Lebanon/observation/Tourism-Adma+Oua+Dafine
Aintoura Kesrouane,Keserwan,Mount Lebanon,4,0,2,0,1,3,0,Index below 8,http://linked.aub.edu.lb/CODEC/Lebanon/observation/Tourism-Aintoura+Kesrouane
Balloune,Keserwan,Mount Lebanon,6,3,10,0,0,13,1,Index below 8,http://linked.aub.edu.lb/CODEC/Lebanon/observation/Tourism-Balloune
Batha,Keserwan,Mount Lebanon,3,0,2,0,0,2,1,Index below 8,http://linked.aub.edu.lb/CODEC/Lebanon/observation/Tourism-Batha
Bizhel,Keserwan,Mount Lebanon,3,2,0,0,0,2,1,Index below 8,http://linked.aub.edu.lb/CODEC/Lebanon/observation/Tourism-Bizhel
Bouar,Keserwan,Mount Lebanon,6,0,1,2,0,3,0,Index below 8,http://linked.aub.edu.lb/CODEC/Lebanon/observation/Tourism-Bouar
Bqaatouta,Keserwan,Mount Lebanon,3,2,0,0,0,2,0,Index below 8,http://linked.aub.edu.lb/CODEC/Lebanon/observation/Tourism-Bqaatouta
Bzoummar,Keserwan,Mount Lebanon,3,0,0,1,0,1,1,Index below 8,http://linked.aub.edu.lb/CODEC/Lebanon/observation/Tourism-Bzoummar
Chahtoul,Keserwan,Mount Lebanon,0,0,0,0,0,0,0,Index below 8,http://linked.aub.edu.lb/CODEC/Lebanon/observation/Tourism-Chahtoul
Chnanaair,Keserwan,Mount Lebanon,0,0,0,0,0,0,0,Index below 8,http://linked.aub.edu.lb/CODEC/Lebanon/observation/Tourism-Chnanaair
Daraaoun,Keserwan,Mount Lebanon,0,0,0,0,0,0,0,Index below 8,http://linked.aub.edu.lb/CODEC/Lebanon/observation/Tourism-Daraaoun
Daraiya Kesrouane,Keserwan,Mount Lebanon,0,0,0,0,0,0,1,Index below 8,http://linked.aub.edu.lb/CODEC/Lebanon/observation/Tourism-Daraiya+Kesrouane
Dlebta,Keserwan,Mount Lebanon,0,0,0,0,0,0,0,Index below 8,http://linked.aub.edu.lb/CODEC/Lebanon/observation/Tourism-Dlebta
Eghbe,Keserwan,Mount Lebanon,6,1,2,0,0,3,1,Index below 8,http://linked.aub.edu.lb/CODEC/Lebanon/observation/Tourism-Eghbe
Faraya,Keserwan,Mount Lebanon,10,5,6,3,20,34,0,High index (8-10),http://linked.aub.edu.lb/CODEC/Lebanon/observation/Tourism-Faraya
Fatqa,Keserwan,Mount Lebanon,7,0,3,1,15,19,0,Index below 8,http://linked.aub.edu.lb/CODEC/Lebanon/observation/Tourism-Fatqa
Faytroun,Keserwan,Mount Lebanon,0,0,0,0,0,0,0,Index below 8,http://linked.aub.edu.lb/CODEC/Lebanon/observation/Tourism-Faytroun
Ghazir,Keserwan,Mount Lebanon,0,0,0,0,0,0,0,Index below 8,http://linked.aub.edu.lb/CODEC/Lebanon/observation/Tourism-Ghazir
Ghbaleh Kesrouane,Keserwan,Mount Lebanon,7,4,1,0,1,6,1,Index below 8,http://linked.aub.edu.lb/CODEC/Lebanon/observation/Tourism-Ghbaleh+Kesrouane
Ghidras,Keserwan,Mount Lebanon,6,2,1,0,0,3,0,Index below 8,http://linked.aub.edu.lb/CODEC/Lebanon/observation/Tourism-Ghidras
Ghineh,Keserwan,Mount Lebanon,9,2,3,1,0,6,0,High index (8-10),http://linked.aub.edu.lb/CODEC/Lebanon/observation/Tourism-Ghineh
Ghosta,Keserwan,Mount Lebanon,6,3,0,0,0,3,0,Index below 8,http://linked.aub.edu.lb/CODEC/Lebanon/observation/Tourism-Ghosta
Hrajel,Keserwan,Mount Lebanon,0,0,0,0,0,0,0,Index below 8,http://linked.aub.edu.lb/CODEC/Lebanon/observation/Tourism-Hrajel
Hsayn,Keserwan,Mount Lebanon,0,0,0,0,0,0,0,Index below 8,http://linked.aub.edu.lb/CODEC/Lebanon/observation/Tourism-Hsayn
Jaaita,Keserwan,Mount Lebanon,0,0,0,0,0,0,0,Index below 8,http://linked.aub.edu.lb/CODEC/Lebanon/observation/Tourism-Jaaita
Jdaidet Ghazir,Keserwan,Mount Lebanon,3,0,1,0,0,1,0,Index below 8,http://linked.aub.edu.lb/CODEC/Lebanon/observation/Tourism-Jdaidet+Ghazir
Jounie,Keserwan,Mount Lebanon,0,0,0,0,0,0,0,Index below 8,http://linked.aub.edu.lb/CODEC/Lebanon/observation/Tourism-Jounie+
Jouret Bedrane,Keserwan,Mount Lebanon,6,0,1,1,0,2,0,Index below 8,http://linked.aub.edu.lb/CODEC/Lebanon/observation/Tourism-Jouret+Bedrane
Jouret E-Tourmos,Keserwan,Mount Lebanon,0,0,0,0,0,0,0,Index below 8,http://linked.aub.edu.lb/CODEC/Lebanon/observation/Tourism-Jouret+E-Tourmos
Kfar Dibiane,Keserwan,Mount Lebanon,10,10,20,8,1,39,1,High index (8-10),http://linked.aub.edu.lb/CODEC/Lebanon/observation/Tourism-Kfar+Dibiane
Kfar Jreif,Keserwan,Mount Lebanon,6,0,1,1,0,2,1,Index below 8,http://linked.aub.edu.lb/CODEC/Lebanon/observation/Tourism-Kfar+Jreif
Kfar Tay El-Matn,Keserwan,Mount Lebanon,0,0,0,0,0,0,0,Index below 8,http://linked.aub.edu.lb/CODEC/Lebanon/observation/Tourism-Kfar+Tay+El-Matn
Maarab,Keserwan,Mount Lebanon,0,0,0,0,0,0,0,Index below 8,http://linked.aub.edu.lb/CODEC/Lebanon/observation/Tourism-Maarab
Maaysra Kesrouane,Keserwan,Mount Lebanon,3,2,0,0,0,2,0,Index below 8,http://linked.aub.edu.lb/CODEC/Lebanon/observation/Tourism-Maaysra+Kesrouane
Mayrouba,Keserwan,Mount Lebanon,6,1,10,0,0,11,0,Index below 8,http://linked.aub.edu.lb/CODEC/Lebanon/observation/Tourism-Mayrouba
Ouata El-Jaouz,Keserwan,Mount Lebanon,0,0,0,0,0,0,0,Index below 8,http://linked.aub.edu.lb/CODEC/Lebanon/observation/Tourism-Ouata+El-Jaouz
Qleiaat Kesrouane,Keserwan,Mount Lebanon,6,3,14,0,0,17,0,Index below 8,http://linked.aub.edu.lb/CODEC/Lebanon/observation/Tourism-Qleiaat+Kesrouane
Raachine,Keserwan,Mount Lebanon,3,0,1,0,0,1,0,Index below 8,http://linked.aub.edu.lb/CODEC/Lebanon/observation/Tourism-Raachine
Rayfoun,Keserwan,Mount Lebanon,9,20,20,3,0,43,1,High index (8-10),http://linked.aub.edu.lb/CODEC/Lebanon/observation/Tourism-Rayfoun
Safra Kesrouane,Keserwan,Mount Lebanon,6,0,4,4,0,8,0,Index below 8,http://linked.aub.edu.lb/CODEC/Lebanon/observation/Tourism-Safra+Kesrouane
Shayleh Kesrouane,Keserwan,Mount Lebanon,0,0,0,0,0,0,0,Index below 8,http://linked.aub.edu.lb/CODEC/Lebanon/observation/Tourism-Shayleh+Kesrouane
Tabarja,Keserwan,Mount Lebanon,0,0,0,0,0,0,0,Index below 8,http://linked.aub.edu.lb/CODEC/Lebanon/observation/Tourism-Tabarja
Zaaitreh,Keserwan,Mount Lebanon,0,0,0,0,0,0,0,Index below 8,http://linked.aub.edu.lb/CODEC/Lebanon/observation/Tourism-Zaaitreh
Zaitoun,Keserwan,Mount Lebanon,3,1,0,0,0,1,1,Index below 8,http://linked.aub.edu.lb/CODEC/Lebanon/observation/Tourism-Zaitoun
Zouk Mkayel,Keserwan,Mount Lebanon,6,0,5,2,0,7,1,Index below 8,http://linked.aub.edu.lb/CODEC/Lebanon/observation/Tourism-Zouk+Mkayel
Zouk Mousbeh,Keserwan,Mount Lebanon,6,0,10,3,0,13,0,Index below 8,http://linked.aub.edu.lb/CODEC/Lebanon/observation/Tourism-Zouk+Mousbeh
ebra wChouane,Keserwan,Mount Lebanon,4,2,0,0,2,4,0,Index below 8,http://linked.aub.edu.lb/CODEC/Lebanon/observation/Tourism-ebra+wChouane
yahchouch,Keserwan,Mount Lebanon,0,0,0,0,0,0,0,Index below 8,http://linked.aub.edu.lb/CODEC/Lebanon/observation/Tourism-yahchouch
Aain El-Kharroubeh,Matn,Mount Lebanon,6,3,5,0,0,8,1,Index below 8,http://linked.aub.edu.lb/CODEC/Lebanon/observation/Tourism-Aain+El-Kharroubeh
Aain El-Qabu,Matn,Mount Lebanon,0,0,0,0,0,0,0,Index below 8,http://linked.aub.edu.lb/CODEC/Lebanon/observation/Tourism-Aain+El-Qabu
Aain Es-Sindiane,Matn,Mount Lebanon,9,1,5,2,0,8,1,High index (8-10),http://linked.aub.edu.lb/CODEC/Lebanon/observation/Tourism-Aain+Es-Sindiane
Aain Et-Teffaha,Matn,Mount Lebanon,0,0,0,0,0,0,0,Index below 8,http://linked.aub.edu.lb/CODEC/Lebanon/observation/Tourism-Aain+Et-Teffaha
Aain Ez-Zeitouneh,Matn,Mount Lebanon,3,0,0,1,0,1,0,Index below 8,http://linked.aub.edu.lb/CODEC/Lebanon/observation/Tourism-Aain+Ez-Zeitouneh
Aain Saadeh,Matn,Mount Lebanon,0,0,0,0,0,0,0,Index below 8,http://linked.aub.edu.lb/CODEC/Lebanon/observation/Tourism-Aain+Saadeh
Aatchaneh,Matn,Mount Lebanon,0,0,0,0,0,0,0,Index below 8,http://linked.aub.edu.lb/CODEC/Lebanon/observation/Tourism-Aatchaneh
Aayoun El-Matn,Matn,Mount Lebanon,0,0,0,0,0,0,0,Index below 8,http://linked.aub.edu.lb/CODEC/Lebanon/observation/Tourism-Aayoun+El-Matn
Aayroun,Matn,Mount Lebanon,0,0,0,0,0,0,0,Index below 8,http://linked.aub.edu.lb/CODEC/Lebanon/observation/Tourism-Aayroun
Abou Mizan,Matn,Mount Lebanon,0,0,0,0,0,0,0,Index below 8,http://linked.aub.edu.lb/CODEC/Lebanon/observation/Tourism-Abou+Mizan
Aintoura El-Matn,Matn,Mount Lebanon,0,0,0,0,0,0,0,Index below 8,http://linked.aub.edu.lb/CODEC/Lebanon/observation/Tourism-Aintoura+El-Matn
Antelias-Naccache,Matn,Mount Lebanon,10,0,0,0,0,0,0,High index (8-10),http://linked.aub.edu.lb/CODEC/Lebanon/observation/Tourism-Antelias-Naccache
Baabdat,Matn,Mount Lebanon,0,0,0,0,0,0,0,Index below 8,http://linked.aub.edu.lb/CODEC/Lebanon/observation/Tourism-Baabdat
Baouchriyeh el Sad,Matn,Mount Lebanon,0,0,0,0,0,0,0,Index below 8,http://linked.aub.edu.lb/CODEC/Lebanon/observation/Tourism-Baouchriyeh+el+Sad
Baskinta,Matn,Mount Lebanon,10,10,10,3,2,25,1,High index (8-10),http://linked.aub.edu.lb/CODEC/Lebanon/observation/Tourism-Baskinta
Beit El-Kekko,Matn,Mount Lebanon,9,3,6,1,0,10,0,High index (8-10),http://linked.aub.edu.lb/CODEC/Lebanon/observation/Tourism-Beit+El-Kekko
Beit Meri,Matn,Mount Lebanon,9,5,5,3,0,13,1,High index (8-10),http://linked.aub.edu.lb/CODEC/Lebanon/observation/Tourism-Beit+Meri
Bhersaf,Matn,Mount Lebanon,10,0,10,3,1,14,0,High index (8-10),http://linked.aub.edu.lb/CODEC/Lebanon/observation/Tourism-Bhersaf
Bikfaya,Matn,Mount Lebanon,0,0,0,0,0,0,0,Index below 8,http://linked.aub.edu.lb/CODEC/Lebanon/observation/Tourism-Bikfaya
Bnabil,Matn,Mount Lebanon,7,1,2,0,5,8,0,Index below 8,http://linked.aub.edu.lb/CODEC/Lebanon/observation/Tourism-Bnabil
Bourj Hammoud,Matn,Mount Lebanon,0,0,0,0,0,0,0,Index below 8,http://linked.aub.edu.lb/CODEC/Lebanon/observation/Tourism-Bourj+Hammoud
Broummana El-Matn,Matn,Mount Lebanon,0,0,0,0,0,0,0,Index below 8,http://linked.aub.edu.lb/CODEC/Lebanon/observation/Tourism-Broummana+El-Matn
Bsalim,Matn,Mount Lebanon,9,1,5,2,0,8,0,High index (8-10),http://linked.aub.edu.lb/CODEC/Lebanon/observation/Tourism-Bsalim
Bteghrine,Matn,Mount Lebanon,6,2,1,0,0,3,0,Index below 8,http://linked.aub.edu.lb/CODEC/Lebanon/observation/Tourism-Bteghrine
Byaqout,Matn,Mount Lebanon,0,0,0,0,0,0,0,Index below 8,http://linked.aub.edu.lb/CODEC/Lebanon/observation/Tourism-Byaqout
Chaouiyeh,Matn,Mount Lebanon,0,0,0,0,0,0,0,Index below 8,http://linked.aub.edu.lb/CODEC/Lebanon/observation/Tourism-Chaouiyeh
Chouaya Maten,Matn,Mount Lebanon,0,0,0,0,0,0,0,Index below 8,http://linked.aub.edu.lb/CODEC/Lebanon/observation/Tourism-Chouaya+Maten
Dahr Es-Souane El-Matn,Matn,Mount Lebanon,6,2,2,0,0,4,0,Index below 8,http://linked.aub.edu.lb/CODEC/Lebanon/observation/Tourism-Dahr+Es-Souane+El-Matn
Dayshouniyi,Matn,Mount Lebanon,0,0,0,0,0,0,0,Index below 8,http://linked.aub.edu.lb/CODEC/Lebanon/observation/Tourism-Dayshouniyi
Deir Chamra,Matn,Mount Lebanon,0,0,0,0,0,0,0,Index below 8,http://linked.aub.edu.lb/CODEC/Lebanon/observation/Tourism-Deir+Chamra
Dekouaneh,Matn,Mount Lebanon,0,0,0,0,0,0,0,Index below 8,http://linked.aub.edu.lb/CODEC/Lebanon/observation/Tourism-Dekouaneh
Dik El-Mehdi,Matn,Mount Lebanon,0,0,0,0,0,0,0,Index below 8,http://linked.aub.edu.lb/CODEC/Lebanon/observation/Tourism-Dik+El-Mehdi
El Ghabe,Matn,Mount Lebanon,0,0,0,0,0,0,0,Index below 8,http://linked.aub.edu.lb/CODEC/Lebanon/observation/Tourism-El+Ghabe
Fanar,Matn,Mount Lebanon,6,0,2,1,0,3,1,Index below 8,http://linked.aub.edu.lb/CODEC/Lebanon/observation/Tourism-Fanar
Fraikeh,Matn,Mount Lebanon,0,0,0,0,0,0,1,Index below 8,http://linked.aub.edu.lb/CODEC/Lebanon/observation/Tourism-Fraikeh
Ghbaet Bolonya,Matn,Mount Lebanon,9,1,3,1,0,5,0,High index (8-10),http://linked.aub.edu.lb/CODEC/Lebanon/observation/Tourism-Ghbaet+Bolonya
Himlaya,Matn,Mount Lebanon,0,0,0,0,0,0,0,Index below 8,http://linked.aub.edu.lb/CODEC/Lebanon/observation/Tourism-Himlaya
Jall Ed-Dib,Matn,Mount Lebanon,10,5,15,3,2,25,0,High index (8-10),http://linked.aub.edu.lb/CODEC/Lebanon/observation/Tourism-Jall+Ed-Dib
Jouret El-Ballout,Matn,Mount Lebanon,3,0,1,0,0,1,0,Index below 8,http://linked.aub.edu.lb/CODEC/Lebanon/observation/Tourism-Jouret+El-Ballout
Kfar Aaqab,Matn,Mount Lebanon,7,1,2,0,2,5,0,Index below 8,http://linked.aub.edu.lb/CODEC/Lebanon/observation/Tourism-Kfar+Aaqab
Khinchara,Matn,Mount Lebanon,6,1,2,0,0,3,1,Index below 8,http://linked.aub.edu.lb/CODEC/Lebanon/observation/Tourism-Khinchara
Majdel tarchich,Matn,Mount Lebanon,0,0,0,0,0,0,0,Index below 8,http://linked.aub.edu.lb/CODEC/Lebanon/observation/Tourism-Majdel+tarchich
Mar Boutros Karm Et-Tine,Matn,Mount Lebanon,3,1,0,0,0,1,0,Index below 8,http://linked.aub.edu.lb/CODEC/Lebanon/observation/Tourism-Mar+Boutros+Karm+Et-Tine
Mar Chaaya,Matn,Mount Lebanon,9,2,5,3,0,10,0,High index (8-10),http://linked.aub.edu.lb/CODEC/Lebanon/observation/Tourism-Mar+Chaaya
Mar Moussa Ed-Douar,Matn,Mount Lebanon,3,0,0,0,0,0,0,Index below 8,http://linked.aub.edu.lb/CODEC/Lebanon/observation/Tourism-Mar+Moussa+Ed-Douar
Marjaba,Matn,Mount Lebanon,0,0,0,0,0,0,0,Index below 8,http://linked.aub.edu.lb/CODEC/Lebanon/observation/Tourism-Marjaba
Mayasseh,Matn,Mount Lebanon,0,0,0,0,0,0,0,Index below 8,http://linked.aub.edu.lb/CODEC/Lebanon/observation/Tourism-Mayasseh
Mazraat El-Hdaira,Matn,Mount Lebanon,4,0,4,0,3,7,0,Index below 8,http://linked.aub.edu.lb/CODEC/Lebanon/observation/Tourism-Mazraat+El-Hdaira
Mazraat Yachouaa,Matn,Mount Lebanon,6,1,0,1,0,2,0,Index below 8,http://linked.aub.edu.lb/CODEC/Lebanon/observation/Tourism-Mazraat+Yachouaa
Mchikha,Matn,Mount Lebanon,0,0,0,0,0,0,0,Index below 8,http://linked.aub.edu.lb/CODEC/Lebanon/observation/Tourism-Mchikha
Moshrea,Matn,Mount Lebanon,0,0,0,0,0,0,0,Index below 8,http://linked.aub.edu.lb/CODEC/Lebanon/observation/Tourism-Moshrea
Mrouj,Matn,Mount Lebanon,10,2,8,1,2,13,0,High index (8-10),http://linked.aub.edu.lb/CODEC/Lebanon/observation/Tourism-Mrouj
Mtayleb,Matn,Mount Lebanon,3,0,10,0,0,10,0,Index below 8,http://linked.aub.edu.lb/CODEC/Lebanon/observation/Tourism-Mtayleb
Nabay,Matn,Mount Lebanon,0,0,0,0,0,0,0,Index below 8,http://linked.aub.edu.lb/CODEC/Lebanon/observation/Tourism-Nabay
Ouadi Chahine,Matn,Mount Lebanon,0,0,0,0,0,0,0,Index below 8,http://linked.aub.edu.lb/CODEC/Lebanon/observation/Tourism-Ouadi+Chahine
Ouadi El-Karm El-Matn,Matn,Mount Lebanon,0,0,0,0,0,0,0,Index below 8,http://linked.aub.edu.lb/CODEC/Lebanon/observation/Tourism-Ouadi+El-Karm+El-Matn
Qaaqour,Matn,Mount Lebanon,0,0,0,0,0,0,0,Index below 8,http://linked.aub.edu.lb/CODEC/Lebanon/observation/Tourism-Qaaqour
Qannebet Salima,Matn,Mount Lebanon,0,0,0,0,0,0,1,Index below 8,http://linked.aub.edu.lb/CODEC/Lebanon/observation/Tourism-Qannebet+Salima
Qennabet Broummana,Matn,Mount Lebanon,0,0,0,0,0,0,0,Index below 8,http://linked.aub.edu.lb/CODEC/Lebanon/observation/Tourism-Qennabet+Broummana
Qornet El-Hamra,Matn,Mount Lebanon,0,0,0,0,0,0,0,Index below 8,http://linked.aub.edu.lb/CODEC/Lebanon/observation/Tourism-Qornet+El-Hamra
Rabieh,Matn,Mount Lebanon,6,0,1,1,0,2,0,Index below 8,http://linked.aub.edu.lb/CODEC/Lebanon/observation/Tourism-Rabieh
Roumieh,Matn,Mount Lebanon,3,0,2,0,0,2,0,Index below 8,http://linked.aub.edu.lb/CODEC/Lebanon/observation/Tourism-Roumieh
Sinn El-Fil,Matn,Mount Lebanon,9,25,25,3,0,53,0,High index (8-10),http://linked.aub.edu.lb/CODEC/Lebanon/observation/Tourism-Sinn+El-Fil
Soufaileh,Matn,Mount Lebanon,0,0,0,0,0,0,0,Index below 8,http://linked.aub.edu.lb/CODEC/Lebanon/observation/Tourism-Soufaileh
Zabbougha,Matn,Mount Lebanon,0,0,0,0,0,0,0,Index below 8,http://linked.aub.edu.lb/CODEC/Lebanon/observation/Tourism-Zabbougha
Zakrit,Matn,Mount Lebanon,3,0,1,0,0,1,0,Index below 8,http://linked.aub.edu.lb/CODEC/Lebanon/observation/Tourism-Zakrit
Zalqa,Matn,Mount Lebanon,9,5,5,2,0,12,0,High index (8-10),http://linked.aub.edu.lb/CODEC/Lebanon/observation/Tourism-Zalqa
Zaraaoun,Matn,Mount Lebanon,0,0,0,0,0,0,0,Index below 8,http://linked.aub.edu.lb/CODEC/Lebanon/observation/Tourism-Zaraaoun
Zighrine,Matn,Mount Lebanon,0,0,0,0,0,0,0,Index below 8,http://linked.aub.edu.lb/CODEC/Lebanon/observation/Tourism-Zighrine
Zouk El-Kharab,Matn,Mount Lebanon,9,20,100,5,0,125,1,High index (8-10),http://linked.aub.edu.lb/CODEC/Lebanon/observation/Tourism-Zouk+El-Kharab
aain Aalaq,Matn,Mount Lebanon,3,0,1,0,0,1,0,Index below 8,http://linked.aub.edu.lb/CODEC/Lebanon/observation/Tourism-aain+Aalaq
Aain Ibl,Bint Jbeil,Nabatieh,10,5,6,1,4,16,1,High index (8-10),http://linked.aub.edu.lb/CODEC/Lebanon/observation/Tourism-Aain+Ibl
Aaita Ej-Jabal,Bint Jbeil,Nabatieh,3,2,0,0,0,2,0,Index below 8,http://linked.aub.edu.lb/CODEC/Lebanon/observation/Tourism-Aaita+Ej-Jabal
Aaynata Bent Jbeil,Bint Jbeil,Nabatieh,6,3,1,0,0,4,0,Index below 8,http://linked.aub.edu.lb/CODEC/Lebanon/observation/Tourism-Aaynata+Bent+Jbeil
Aayta Ech-Chaab,Bint Jbeil,Nabatieh,6,5,6,0,0,11,1,Index below 8,http://linked.aub.edu.lb/CODEC/Lebanon/observation/Tourism-Aayta+Ech-Chaab
Aitaroun,Bint Jbeil,Nabatieh,0,0,0,0,0,0,0,Index below 8,http://linked.aub.edu.lb/CODEC/Lebanon/observation/Tourism-Aitaroun
Baraachit,Bint Jbeil,Nabatieh,0,0,0,0,0,0,0,Index below 8,http://linked.aub.edu.lb/CODEC/Lebanon/observation/Tourism-Baraachit
Beit Lif,Bint Jbeil,Nabatieh,9,3,4,7,0,14,1,High index (8-10),http://linked.aub.edu.lb/CODEC/Lebanon/observation/Tourism-Beit+Lif
Beit Yahoun,Bint Jbeil,Nabatieh,0,0,0,0,0,0,0,Index below 8,http://linked.aub.edu.lb/CODEC/Lebanon/observation/Tourism-Beit+Yahoun
Bent Jbeil,Bint Jbeil,Nabatieh,10,2,4,1,1,8,1,High index (8-10),http://linked.aub.edu.lb/CODEC/Lebanon/observation/Tourism-Bent+Jbeil
Borj qalaouiyeh,Bint Jbeil,Nabatieh,0,0,0,0,0,0,0,Index below 8,http://linked.aub.edu.lb/CODEC/Lebanon/observation/Tourism-Borj+qalaouiyeh
Debl,Bint Jbeil,Nabatieh,6,2,3,0,0,5,1,Index below 8,http://linked.aub.edu.lb/CODEC/Lebanon/observation/Tourism-Debl
Deir Ntar,Bint Jbeil,Nabatieh,3,4,0,0,0,4,0,Index below 8,http://linked.aub.edu.lb/CODEC/Lebanon/observation/Tourism-Deir+Ntar
Froun,Bint Jbeil,Nabatieh,0,0,0,0,0,0,0,Index below 8,http://linked.aub.edu.lb/CODEC/Lebanon/observation/Tourism-Froun
Ghandouriyet Bent Jbeil,Bint Jbeil,Nabatieh,3,0,1,0,0,1,0,Index below 8,http://linked.aub.edu.lb/CODEC/Lebanon/observation/Tourism-Ghandouriyet+Bent+Jbeil
Haddatha,Bint Jbeil,Nabatieh,0,0,0,0,0,0,0,Index below 8,http://linked.aub.edu.lb/CODEC/Lebanon/observation/Tourism-Haddatha
Hanine,Bint Jbeil,Nabatieh,0,0,0,0,0,0,0,Index below 8,http://linked.aub.edu.lb/CODEC/Lebanon/observation/Tourism-Hanine
Haris,Bint Jbeil,Nabatieh,0,0,0,0,0,0,0,Index below 8,http://linked.aub.edu.lb/CODEC/Lebanon/observation/Tourism-Haris
Kafra Bent Jbeil,Bint Jbeil,Nabatieh,6,4,2,0,0,6,0,Index below 8,http://linked.aub.edu.lb/CODEC/Lebanon/observation/Tourism-Kafra+Bent+Jbeil
Kfar Dounine,Bint Jbeil,Nabatieh,6,6,1,0,0,7,0,Index below 8,http://linked.aub.edu.lb/CODEC/Lebanon/observation/Tourism-Kfar+Dounine
Khirbet Selm,Bint Jbeil,Nabatieh,7,10,7,0,3,20,1,Index below 8,http://linked.aub.edu.lb/CODEC/Lebanon/observation/Tourism-Khirbet+Selm
Kounine,Bint Jbeil,Nabatieh,9,2,2,1,0,5,0,High index (8-10),http://linked.aub.edu.lb/CODEC/Lebanon/observation/Tourism-Kounine
Maroun Er-Ras,Bint Jbeil,Nabatieh,0,0,0,0,0,0,0,Index below 8,http://linked.aub.edu.lb/CODEC/Lebanon/observation/Tourism-Maroun+Er-Ras
Qalaouiyeh,Bint Jbeil,Nabatieh,0,0,0,0,0,0,0,Index below 8,http://linked.aub.edu.lb/CODEC/Lebanon/observation/Tourism-Qalaouiyeh
Qaouzah,Bint Jbeil,Nabatieh,1,0,0,0,3,3,0,Index below 8,http://linked.aub.edu.lb/CODEC/Lebanon/observation/Tourism-Qaouzah
Rachaf,Bint Jbeil,Nabatieh,0,0,0,0,0,0,0,Index below 8,http://linked.aub.edu.lb/CODEC/Lebanon/observation/Tourism-Rachaf
Ramyet Bent Jbeil,Bint Jbeil,Nabatieh,1,0,0,0,2,2,0,Index below 8,http://linked.aub.edu.lb/CODEC/Lebanon/observation/Tourism-Ramyet+Bent+Jbeil
Rmaich,Bint Jbeil,Nabatieh,0,0,0,0,0,0,0,Index below 8,http://linked.aub.edu.lb/CODEC/Lebanon/observation/Tourism-Rmaich
Safad Al-Battikh,Bint Jbeil,Nabatieh,0,0,0,0,0,0,0,Index below 8,http://linked.aub.edu.lb/CODEC/Lebanon/observation/Tourism-Safad+Al-Battikh
Soultaniyet Bent Jbeil,Bint Jbeil,Nabatieh,6,1,2,0,0,3,0,Index below 8,http://linked.aub.edu.lb/CODEC/Lebanon/observation/Tourism-Soultaniyet+Bent+Jbeil
Srobbine,Bint Jbeil,Nabatieh,0,0,0,0,0,0,0,Index below 8,http://linked.aub.edu.lb/CODEC/Lebanon/observation/Tourism-Srobbine
Tibnine,Bint Jbeil,Nabatieh,3,0,3,0,0,3,0,Index below 8,http://linked.aub.edu.lb/CODEC/Lebanon/observation/Tourism-Tibnine
Tiri,Bint Jbeil,Nabatieh,0,0,0,0,0,0,0,Index below 8,http://linked.aub.edu.lb/CODEC/Lebanon/observation/Tourism-Tiri
Yaroun,Bint Jbeil,Nabatieh,3,1,0,0,0,1,1,Index below 8,http://linked.aub.edu.lb/CODEC/Lebanon/observation/Tourism-Yaroun
Yater,Bint Jbeil,Nabatieh,6,3,2,0,0,5,0,Index below 8,http://linked.aub.edu.lb/CODEC/Lebanon/observation/Tourism-Yater
Aain Jarfa,Hasbaya,Nabatieh,3,0,1,0,0,1,0,Index below 8,http://linked.aub.edu.lb/CODEC/Lebanon/observation/Tourism-Aain+Jarfa
Aain Qinia,Hasbaya,Nabatieh,0,0,0,0,0,0,0,Index below 8,http://linked.aub.edu.lb/CODEC/Lebanon/observation/Tourism-Aain+Qinia
Abou Qamha,Hasbaya,Nabatieh,10,4,10,4,2,20,0,High index (8-10),http://linked.aub.edu.lb/CODEC/Lebanon/observation/Tourism-Abou+Qamha
Chebaa,Hasbaya,Nabatieh,6,1,3,0,0,4,1,Index below 8,http://linked.aub.edu.lb/CODEC/Lebanon/observation/Tourism-Chebaa
Chouaya Hasbaiya,Hasbaya,Nabatieh,3,0,3,0,0,3,0,Index below 8,http://linked.aub.edu.lb/CODEC/Lebanon/observation/Tourism-Chouaya+Hasbaiya
Dellafeh,Hasbaya,Nabatieh,3,0,1,0,0,1,0,Index below 8,http://linked.aub.edu.lb/CODEC/Lebanon/observation/Tourism-Dellafeh
El Kfeir,Hasbaya,Nabatieh,0,0,0,0,0,0,1,Index below 8,http://linked.aub.edu.lb/CODEC/Lebanon/observation/Tourism-El+Kfeir
Fardis Hasbaiya,Hasbaya,Nabatieh,10,20,5,2,5,32,1,High index (8-10),http://linked.aub.edu.lb/CODEC/Lebanon/observation/Tourism-Fardis+Hasbaiya
Hasbaiya,Hasbaya,Nabatieh,7,7,7,0,0,14,1,Index below 8,http://linked.aub.edu.lb/CODEC/Lebanon/observation/Tourism-Hasbaiya
Hebbariyeh,Hasbaya,Nabatieh,3,2,0,0,0,2,1,Index below 8,http://linked.aub.edu.lb/CODEC/Lebanon/observation/Tourism-Hebbariyeh
Kaoukaba Hasbaiya,Hasbaya,Nabatieh,4,2,0,0,1,3,1,Index below 8,http://linked.aub.edu.lb/CODEC/Lebanon/observation/Tourism-Kaoukaba+Hasbaiya
Kfar Chouba,Hasbaya,Nabatieh,7,1,1,0,0,2,1,Index below 8,http://linked.aub.edu.lb/CODEC/Lebanon/observation/Tourism-Kfar+Chouba
Kfar Hamam,Hasbaya,Nabatieh,0,0,0,0,0,0,0,Index below 8,http://linked.aub.edu.lb/CODEC/Lebanon/observation/Tourism-Kfar+Hamam
Khalwat,Hasbaya,Nabatieh,6,5,0,0,0,5,1,Index below 8,http://linked.aub.edu.lb/CODEC/Lebanon/observation/Tourism-Khalwat
Marj Ez-Zouhour (Haouch El-Qinnaabeh),Hasbaya,Nabatieh,3,2,0,0,0,2,0,Index below 8,http://linked.aub.edu.lb/CODEC/Lebanon/observation/Tourism-Marj+Ez-Zouhour+%28Haouch+El-Qinnaabeh%29
Meimes,Hasbaya,Nabatieh,0,0,0,0,0,0,0,Index below 8,http://linked.aub.edu.lb/CODEC/Lebanon/observation/Tourism-Meimes
Meri,Hasbaya,Nabatieh,9,2,10,1,0,13,0,High index (8-10),http://linked.aub.edu.lb/CODEC/Lebanon/observation/Tourism-Meri
Rachaiya El-Foukhar,Hasbaya,Nabatieh,4,1,0,0,1,2,1,Index below 8,http://linked.aub.edu.lb/CODEC/Lebanon/observation/Tourism-Rachaiya+El-Foukhar
Aadaysseh Marjaayoun,Marjeyoun,Nabatieh,3,10,0,0,0,10,0,Index below 8,http://linked.aub.edu.lb/CODEC/Lebanon/observation/Tourism-Aadaysseh+Marjaayoun
Aadchit El-Qoussair,Marjeyoun,Nabatieh,0,0,0,0,0,0,0,Index below 8,http://linked.aub.edu.lb/CODEC/Lebanon/observation/Tourism-Aadchit+El-Qoussair
Aalman,Marjeyoun,Nabatieh,0,0,0,0,0,0,0,Index below 8,http://linked.aub.edu.lb/CODEC/Lebanon/observation/Tourism-Aalman
Bany haiyane,Marjeyoun,Nabatieh,0,0,0,0,0,0,1,Index below 8,http://linked.aub.edu.lb/CODEC/Lebanon/observation/Tourism-Bany+haiyane
Blida,Marjeyoun,Nabatieh,0,0,0,0,0,0,1,Index below 8,http://linked.aub.edu.lb/CODEC/Lebanon/observation/Tourism-Blida
Borj El-Moulouk,Marjeyoun,Nabatieh,6,0,5,2,0,7,0,Index below 8,http://linked.aub.edu.lb/CODEC/Lebanon/observation/Tourism-Borj+El-Moulouk
Bouaida,Marjeyoun,Nabatieh,6,0,1,1,0,2,1,Index below 8,http://linked.aub.edu.lb/CODEC/Lebanon/observation/Tourism-Bouaida
Deir Mimas,Marjeyoun,Nabatieh,0,0,0,0,0,0,1,Index below 8,http://linked.aub.edu.lb/CODEC/Lebanon/observation/Tourism-Deir+Mimas
Deir Siriane,Marjeyoun,Nabatieh,6,3,2,0,0,5,1,Index below 8,http://linked.aub.edu.lb/CODEC/Lebanon/observation/Tourism-Deir+Siriane
Dibbine,Marjeyoun,Nabatieh,0,0,0,0,0,0,0,Index below 8,http://linked.aub.edu.lb/CODEC/Lebanon/observation/Tourism-Dibbine
Houla,Marjeyoun,Nabatieh,0,0,0,0,0,0,0,Index below 8,http://linked.aub.edu.lb/CODEC/Lebanon/observation/Tourism-Houla
Ibl Es-Saqi,Marjeyoun,Nabatieh,6,0,0,0,0,0,1,Index below 8,http://linked.aub.edu.lb/CODEC/Lebanon/observation/Tourism-Ibl+Es-Saqi
Jdaidet Marjaayoun,Marjeyoun,Nabatieh,10,4,10,1,2,17,0,High index (8-10),http://linked.aub.edu.lb/CODEC/Lebanon/observation/Tourism-Jdaidet+Marjaayoun
Kfar Kila,Marjeyoun,Nabatieh,3,0,5,0,0,5,0,Index below 8,http://linked.aub.edu.lb/CODEC/Lebanon/observation/Tourism-Kfar+Kila
Khiyam Marjaayoun,Marjeyoun,Nabatieh,9,5,3,2,0,10,1,High index (8-10),http://linked.aub.edu.lb/CODEC/Lebanon/observation/Tourism-Khiyam+Marjaayoun
Majdel Selm,Marjeyoun,Nabatieh,9,5,2,1,0,8,1,High index (8-10),http://linked.aub.edu.lb/CODEC/Lebanon/observation/Tourism-Majdel+Selm
Markaba,Marjeyoun,Nabatieh,0,0,0,0,0,0,1,Index below 8,http://linked.aub.edu.lb/CODEC/Lebanon/observation/Tourism-Markaba
Meiss Ej-Jabal,Marjeyoun,Nabatieh,3,0,8,0,0,8,0,Index below 8,http://linked.aub.edu.lb/CODEC/Lebanon/observation/Tourism-Meiss+Ej-Jabal
Mhaibib,Marjeyoun,Nabatieh,0,0,0,0,0,0,0,Index below 8,http://linked.aub.edu.lb/CODEC/Lebanon/observation/Tourism-Mhaibib
Qabrikha,Marjeyoun,Nabatieh,0,0,0,0,0,0,0,Index below 8,http://linked.aub.edu.lb/CODEC/Lebanon/observation/Tourism-Qabrikha
Qantara,Marjeyoun,Nabatieh,0,0,0,0,0,0,0,Index below 8,http://linked.aub.edu.lb/CODEC/Lebanon/observation/Tourism-Qantara
Qlaiaa,Marjeyoun,Nabatieh,3,0,5,0,0,5,1,Index below 8,http://linked.aub.edu.lb/CODEC/Lebanon/observation/Tourism-Qlaiaa
Rabb Et-Tlatine,Marjeyoun,Nabatieh,0,0,0,0,0,0,0,Index below 8,http://linked.aub.edu.lb/CODEC/Lebanon/observation/Tourism-Rabb+Et-Tlatine
Saouanet Marjayoun,Marjeyoun,Nabatieh,3,2,0,0,0,2,0,Index below 8,http://linked.aub.edu.lb/CODEC/Lebanon/observation/Tourism-Saouanet+Marjayoun
Talloussa,Marjeyoun,Nabatieh,0,0,0,0,0,0,0,Index below 8,http://linked.aub.edu.lb/CODEC/Lebanon/observation/Tourism-Talloussa
Taybet Matjaayoun,Marjeyoun,Nabatieh,0,0,0,0,0,0,0,Index below 8,http://linked.aub.edu.lb/CODEC/Lebanon/observation/Tourism-Taybet+Matjaayoun
Touline,Marjeyoun,Nabatieh,9,1,1,1,0,3,0,High index (8-10),http://linked.aub.edu.lb/CODEC/Lebanon/observation/Tourism-Touline
Aabba,Nabatieh,Nabatieh,0,0,0,0,0,0,0,Index below 8,http://linked.aub.edu.lb/CODEC/Lebanon/observation/Tourism-Aabba
Aadchit Ech-Chqif,Nabatieh,Nabatieh,0,0,0,0,0,0,0,Index below 8,http://linked.aub.edu.lb/CODEC/Lebanon/observation/Tourism-Aadchit+Ech-Chqif
Aain Qana,Nabatieh,Nabatieh,0,0,0,0,0,0,0,Index below 8,http://linked.aub.edu.lb/CODEC/Lebanon/observation/Tourism-Aain+Qana
Aarab Salim,Nabatieh,Nabatieh,6,1,1,0,0,2,0,Index below 8,http://linked.aub.edu.lb/CODEC/Lebanon/observation/Tourism-Aarab+Salim
Aazzi,Nabatieh,Nabatieh,0,0,0,0,0,0,0,Index below 8,http://linked.aub.edu.lb/CODEC/Lebanon/observation/Tourism-Aazzi
Ansar,Nabatieh,Nabatieh,9,6,3,1,0,10,0,High index (8-10),http://linked.aub.edu.lb/CODEC/Lebanon/observation/Tourism-Ansar
Arnoun,Nabatieh,Nabatieh,6,0,1,1,0,2,0,Index below 8,http://linked.aub.edu.lb/CODEC/Lebanon/observation/Tourism-Arnoun
Braiqeaa,Nabatieh,Nabatieh,3,4,0,0,0,4,0,Index below 8,http://linked.aub.edu.lb/CODEC/Lebanon/observation/Tourism-Braiqeaa
Charqiyeh,Nabatieh,Nabatieh,4,0,1,0,1,2,0,Index below 8,http://linked.aub.edu.lb/CODEC/Lebanon/observation/Tourism-Charqiyeh
Choukine,Nabatieh,Nabatieh,6,4,2,0,0,6,1,Index below 8,http://linked.aub.edu.lb/CODEC/Lebanon/observation/Tourism-Choukine
Deir Ez-Zahrani,Nabatieh,Nabatieh,0,0,0,0,0,0,0,Index below 8,http://linked.aub.edu.lb/CODEC/Lebanon/observation/Tourism-Deir+Ez-Zahrani
Douair En-Nabatiyeh,Nabatieh,Nabatieh,0,0,0,0,0,0,0,Index below 8,http://linked.aub.edu.lb/CODEC/Lebanon/observation/Tourism-Douair+En-Nabatiyeh
Habbouch En-Nabatiyeh,Nabatieh,Nabatieh,6,1,8,0,0,9,0,Index below 8,http://linked.aub.edu.lb/CODEC/Lebanon/observation/Tourism-Habbouch+En-Nabatiyeh
Harouf,Nabatieh,Nabatieh,6,4,3,0,0,7,1,Index below 8,http://linked.aub.edu.lb/CODEC/Lebanon/observation/Tourism-Harouf
Houmine El-Faouqa,Nabatieh,Nabatieh,6,2,2,0,0,4,1,Index below 8,http://linked.aub.edu.lb/CODEC/Lebanon/observation/Tourism-Houmine+El-Faouqa
Houmine Et-Tahta,Nabatieh,Nabatieh,6,3,2,0,0,5,1,Index below 8,http://linked.aub.edu.lb/CODEC/Lebanon/observation/Tourism-Houmine+Et-Tahta
Jarjouaa,Nabatieh,Nabatieh,9,3,5,2,0,10,1,High index (8-10),http://linked.aub.edu.lb/CODEC/Lebanon/observation/Tourism-Jarjouaa
Jbaa En-Nabatiyeh-Ein-Boswar,Nabatieh,Nabatieh,10,3,5,1,5,14,1,High index (8-10),http://linked.aub.edu.lb/CODEC/Lebanon/observation/Tourism-Jbaa+En-Nabatiyeh-Ein-Boswar
Jibchit,Nabatieh,Nabatieh,0,0,0,0,0,0,0,Index below 8,http://linked.aub.edu.lb/CODEC/Lebanon/observation/Tourism-Jibchit
Kfar Roummane,Nabatieh,Nabatieh,9,2,3,1,0,6,0,High index (8-10),http://linked.aub.edu.lb/CODEC/Lebanon/observation/Tourism-Kfar+Roummane
Kfar Sir,Nabatieh,Nabatieh,6,0,6,1,0,7,1,Index below 8,http://linked.aub.edu.lb/CODEC/Lebanon/observation/Tourism-Kfar+Sir
Kfar Tibnit,Nabatieh,Nabatieh,0,0,0,0,0,0,0,Index below 8,http://linked.aub.edu.lb/CODEC/Lebanon/observation/Tourism-Kfar+Tibnit
Kfarfila,Nabatieh,Nabatieh,6,3,0,0,0,3,1,Index below 8,http://linked.aub.edu.lb/CODEC/Lebanon/observation/Tourism-Kfarfila
Mayfadoun,Nabatieh,Nabatieh,3,0,1,0,0,1,0,Index below 8,http://linked.aub.edu.lb/CODEC/Lebanon/observation/Tourism-Mayfadoun
Nabatiyeh,Nabatieh,Nabatieh,6,50,50,0,0,100,1,Index below 8,http://linked.aub.edu.lb/CODEC/Lebanon/observation/Tourism-Nabatiyeh
Nabatiyeh El-Faouka,Nabatieh,Nabatieh,6,8,10,0,0,18,1,Index below 8,http://linked.aub.edu.lb/CODEC/Lebanon/observation/Tourism-Nabatiyeh+El-Faouka
Nmairiyeh,Nabatieh,Nabatieh,3,0,2,0,0,2,0,Index below 8,http://linked.aub.edu.lb/CODEC/Lebanon/observation/Tourism-Nmairiyeh
Qaaqaaiyet Ej-Jisr,Nabatieh,Nabatieh,6,10,4,0,0,14,0,Index below 8,http://linked.aub.edu.lb/CODEC/Lebanon/observation/Tourism-Qaaqaaiyet+Ej-Jisr
Roumine,Nabatieh,Nabatieh,6,3,3,0,0,6,1,Index below 8,http://linked.aub.edu.lb/CODEC/Lebanon/observation/Tourism-Roumine
Sini,Nabatieh,Nabatieh,0,0,0,0,0,0,0,Index below 8,http://linked.aub.edu.lb/CODEC/Lebanon/observation/Tourism-Sini
Sir El-Gharbiyeh,Nabatieh,Nabatieh,6,3,2,0,0,5,0,Index below 8,http://linked.aub.edu.lb/CODEC/Lebanon/observation/Tourism-Sir+El-Gharbiyeh
Yohmor En-Nabatiyeh,Nabatieh,Nabatieh,6,4,1,0,0,5,1,Index below 8,http://linked.aub.edu.lb/CODEC/Lebanon/observation/Tourism-Yohmor+En-Nabatiyeh
Zaoutar Ech-Charqiyeh,Nabatieh,Nabatieh,3,1,0,0,0,1,0,Index below 8,http://linked.aub.edu.lb/CODEC/Lebanon/observation/Tourism-Zaoutar+Ech-Charqiyeh
Zaoutar El-Gharbiyeh,Nabatieh,Nabatieh,0,0,0,0,0,0,0,Index below 8,http://linked.aub.edu.lb/CODEC/Lebanon/observation/Tourism-Zaoutar+El-Gharbiyeh
Zefta,Nabatieh,Nabatieh,7,0,10,1,1,12,0,Index below 8,http://linked.aub.edu.lb/CODEC/Lebanon/observation/Tourism-Zefta
Zibdine En-Nabatiyeh,Nabatieh,Nabatieh,3,0,2,0,0,2,0,Index below 8,http://linked.aub.edu.lb/CODEC/Lebanon/observation/Tourism-Zibdine+En-Nabatiyeh
Kfour En-Nabatieh,Unknown,Nabatieh,7,3,1,1,1,6,0,Index below 8,http://linked.aub.edu.lb/CODEC/Lebanon/observation/Tourism-Kfour+En-Nabatieh
Sarba En-Nabatieh,Unknown,Nabatieh,6,1,1,0,0,2,0,Index below 8,http://linked.aub.edu.lb/CODEC/Lebanon/observation/Tourism-Sarba+En-Nabatieh
Aabrine,Batroun,North,4,2,0,0,2,4,0,Index below 8,http://linked.aub.edu.lb/CODEC/Lebanon/observation/Tourism-Aabrine
Assia,Batroun,North,3,0,1,0,0,1,1,Index below 8,http://linked.aub.edu.lb/CODEC/Lebanon/observation/Tourism-Assia
Batroun,Batroun,North,10,20,20,3,15,58,1,High index (8-10),http://linked.aub.edu.lb/CODEC/Lebanon/observation/Tourism-Batroun
Bcheaali,Batroun,North,7,3,1,0,2,6,1,Index below 8,http://linked.aub.edu.lb/CODEC/Lebanon/observation/Tourism-Bcheaali
Bechtoudar,Batroun,North,6,1,3,0,0,4,1,Index below 8,http://linked.aub.edu.lb/CODEC/Lebanon/observation/Tourism-Bechtoudar
Beit Chlala,Batroun,North,3,0,7,0,0,7,1,Index below 8,http://linked.aub.edu.lb/CODEC/Lebanon/observation/Tourism-Beit+Chlala
Beit Kassab,Batroun,North,3,0,0,1,0,1,0,Index below 8,http://linked.aub.edu.lb/CODEC/Lebanon/observation/Tourism-Beit+Kassab
Bijdarfil,Batroun,North,6,1,2,0,0,3,0,Index below 8,http://linked.aub.edu.lb/CODEC/Lebanon/observation/Tourism-Bijdarfil
Chibtine,Batroun,North,3,0,5,0,0,5,0,Index below 8,http://linked.aub.edu.lb/CODEC/Lebanon/observation/Tourism-Chibtine
Chikka,Batroun,North,0,0,0,0,0,0,0,Index below 8,http://linked.aub.edu.lb/CODEC/Lebanon/observation/Tourism-Chikka
Deir Billa,Batroun,North,3,0,1,0,0,1,0,Index below 8,http://linked.aub.edu.lb/CODEC/Lebanon/observation/Tourism-Deir+Billa
Douma,Batroun,North,10,1,6,4,3,14,0,High index (8-10),http://linked.aub.edu.lb/CODEC/Lebanon/observation/Tourism-Douma
Edde El-Batroun,Batroun,North,3,0,2,0,0,2,1,Index below 8,http://linked.aub.edu.lb/CODEC/Lebanon/observation/Tourism-Edde+El-Batroun
Hamat,Batroun,North,3,0,0,1,0,1,0,Index below 8,http://linked.aub.edu.lb/CODEC/Lebanon/observation/Tourism-Hamat
Heri,Batroun,North,9,2,3,1,0,6,0,High index (8-10),http://linked.aub.edu.lb/CODEC/Lebanon/observation/Tourism-Heri
Jarbata,Batroun,North,3,0,1,0,0,1,0,Index below 8,http://linked.aub.edu.lb/CODEC/Lebanon/observation/Tourism-Jarbata
Kafr Hatna,Batroun,North,0,0,0,0,0,0,0,Index below 8,http://linked.aub.edu.lb/CODEC/Lebanon/observation/Tourism-Kafr+Hatna
Kfar Aabida,Batroun,North,4,0,6,0,5,11,0,Index below 8,http://linked.aub.edu.lb/CODEC/Lebanon/observation/Tourism-Kfar+Aabida
Kfar Hay,Batroun,North,6,2,2,0,0,4,1,Index below 8,http://linked.aub.edu.lb/CODEC/Lebanon/observation/Tourism-Kfar+Hay
Kfar Hilda,Batroun,North,7,8,15,0,2,25,1,Index below 8,http://linked.aub.edu.lb/CODEC/Lebanon/observation/Tourism-Kfar+Hilda
Kfour El-Aarbi,Batroun,North,0,0,0,0,0,0,1,Index below 8,http://linked.aub.edu.lb/CODEC/Lebanon/observation/Tourism-Kfour+El-Aarbi
Kour,Batroun,North,1,0,0,0,1,1,0,Index below 8,http://linked.aub.edu.lb/CODEC/Lebanon/observation/Tourism-Kour
Mar Mama,Batroun,North,0,0,0,0,0,0,0,Index below 8,http://linked.aub.edu.lb/CODEC/Lebanon/observation/Tourism-Mar+Mama
Mehmarch,Batroun,North,0,0,0,0,0,0,0,Index below 8,http://linked.aub.edu.lb/CODEC/Lebanon/observation/Tourism-Mehmarch
Mrah Ez Ziyat,Batroun,North,4,0,1,0,6,7,0,Index below 8,http://linked.aub.edu.lb/CODEC/Lebanon/observation/Tourism-Mrah+Ez+Ziyat
Rasha,Batroun,North,0,0,0,0,0,0,0,Index below 8,http://linked.aub.edu.lb/CODEC/Lebanon/observation/Tourism-Rasha
Rashana,Batroun,North,4,0,1,0,3,4,1,Index below 8,http://linked.aub.edu.lb/CODEC/Lebanon/observation/Tourism-Rashana
Selaata,Batroun,North,0,0,0,0,0,0,1,Index below 8,http://linked.aub.edu.lb/CODEC/Lebanon/observation/Tourism-Selaata
Tannourine El-Faouqa,Batroun,North,7,0,30,2,5,37,1,Index below 8,http://linked.aub.edu.lb/CODEC/Lebanon/observation/Tourism-Tannourine+El-Faouqa
Thoum,Batroun,North,7,0,5,1,2,8,0,Index below 8,http://linked.aub.edu.lb/CODEC/Lebanon/observation/Tourism-Thoum
Toula El-Batroun,Batroun,North,0,0,0,0,0,0,0,Index below 8,http://linked.aub.edu.lb/CODEC/Lebanon/observation/Tourism-Toula+El-Batroun
Zaneh,Batroun,North,0,0,0,0,0,0,0,Index below 8,http://linked.aub.edu.lb/CODEC/Lebanon/observation/Tourism-Zaneh
hadtoun,Batroun,North,3,0,2,0,0,2,0,Index below 8,http://linked.aub.edu.lb/CODEC/Lebanon/observation/Tourism-hadtoun
Aabdine,Bsharri,North,3,2,0,0,0,2,0,Index below 8,http://linked.aub.edu.lb/CODEC/Lebanon/observation/Tourism-Aabdine
Bane,Bsharri,North,3,0,1,0,0,1,0,Index below 8,http://linked.aub.edu.lb/CODEC/Lebanon/observation/Tourism-Bane
Bazaaoun,Bsharri,North,7,0,4,2,2,8,0,Index below 8,http://linked.aub.edu.lb/CODEC/Lebanon/observation/Tourism-Bazaaoun
Bcharreh,Bsharri,North,10,5,20,15,3,43,0,High index (8-10),http://linked.aub.edu.lb/CODEC/Lebanon/observation/Tourism-Bcharreh
Beit Monzer,Bsharri,North,0,0,0,0,0,0,0,Index below 8,http://linked.aub.edu.lb/CODEC/Lebanon/observation/Tourism-Beit+Monzer
Berhalioun,Bsharri,North,0,0,0,0,0,0,0,Index below 8,http://linked.aub.edu.lb/CODEC/Lebanon/observation/Tourism-Berhalioun
Blaouza,Bsharri,North,3,0,2,0,0,2,0,Index below 8,http://linked.aub.edu.lb/CODEC/Lebanon/observation/Tourism-Blaouza
Bqaa Kafra,Bsharri,North,4,0,3,0,1,4,0,Index below 8,http://linked.aub.edu.lb/CODEC/Lebanon/observation/Tourism-Bqaa+Kafra
Bqerqacha,Bsharri,North,10,20,30,20,10,80,0,High index (8-10),http://linked.aub.edu.lb/CODEC/Lebanon/observation/Tourism-Bqerqacha
Breissat,Bsharri,North,3,1,0,0,0,1,0,Index below 8,http://linked.aub.edu.lb/CODEC/Lebanon/observation/Tourism-Breissat
Dimane,Bsharri,North,6,3,1,0,0,4,1,Index below 8,http://linked.aub.edu.lb/CODEC/Lebanon/observation/Tourism-Dimane
Hadath Ej-Jebbeh,Bsharri,North,10,2,5,2,2,11,1,High index (8-10),http://linked.aub.edu.lb/CODEC/Lebanon/observation/Tourism-Hadath+Ej-Jebbeh
Hadchit,Bsharri,North,0,0,0,0,0,0,0,Index below 8,http://linked.aub.edu.lb/CODEC/Lebanon/observation/Tourism-Hadchit
Hasroun,Bsharri,North,10,3,6,2,2,13,1,High index (8-10),http://linked.aub.edu.lb/CODEC/Lebanon/observation/Tourism-Hasroun
Magher wbala,Bsharri,North,3,2,0,0,0,2,1,Index below 8,http://linked.aub.edu.lb/CODEC/Lebanon/observation/Tourism-Magher+wbala
Mazraat Assaf,Bsharri,North,0,0,0,0,0,0,0,Index below 8,http://linked.aub.edu.lb/CODEC/Lebanon/observation/Tourism-Mazraat+Assaf
Mazraat Bani Saab,Bsharri,North,3,0,1,0,0,1,1,Index below 8,http://linked.aub.edu.lb/CODEC/Lebanon/observation/Tourism-Mazraat+Bani+Saab
Ouadi Qannoubine,Bsharri,North,4,0,1,0,10,11,0,Index below 8,http://linked.aub.edu.lb/CODEC/Lebanon/observation/Tourism-Ouadi+Qannoubine
Qaynour,Bsharri,North,0,0,0,0,0,0,1,Index below 8,http://linked.aub.edu.lb/CODEC/Lebanon/observation/Tourism-Qaynour
Qnat,Bsharri,North,1,0,0,0,1,1,0,Index below 8,http://linked.aub.edu.lb/CODEC/Lebanon/observation/Tourism-Qnat
Aaba,Koura,North,0,0,0,0,0,0,0,Index below 8,http://linked.aub.edu.lb/CODEC/Lebanon/observation/Tourism-Aaba
Aafsdiq,Koura,North,10,1,2,1,1,5,0,High index (8-10),http://linked.aub.edu.lb/CODEC/Lebanon/observation/Tourism-Aafsdiq
Ain Aakrine,Koura,North,0,0,0,0,0,0,0,Index below 8,http://linked.aub.edu.lb/CODEC/Lebanon/observation/Tourism-Ain+Aakrine
Amioun,Koura,North,6,5,8,0,0,13,1,Index below 8,http://linked.aub.edu.lb/CODEC/Lebanon/observation/Tourism-Amioun
Badbhoun,Koura,North,0,0,0,0,0,0,0,Index below 8,http://linked.aub.edu.lb/CODEC/Lebanon/observation/Tourism-Badbhoun
Bahbouch,Koura,North,0,0,0,0,0,0,0,Index below 8,http://linked.aub.edu.lb/CODEC/Lebanon/observation/Tourism-Bahbouch
Barghoun,Koura,North,0,0,0,0,0,0,1,Index below 8,http://linked.aub.edu.lb/CODEC/Lebanon/observation/Tourism-Barghoun
Barsa,Koura,North,0,0,0,0,0,0,0,Index below 8,http://linked.aub.edu.lb/CODEC/Lebanon/observation/Tourism-Barsa
Batroumine,Koura,North,0,0,0,0,0,0,0,Index below 8,http://linked.aub.edu.lb/CODEC/Lebanon/observation/Tourism-Batroumine
Bdebba,Koura,North,0,0,0,0,0,0,0,Index below 8,http://linked.aub.edu.lb/CODEC/Lebanon/observation/Tourism-Bdebba
Bechmizzine,Koura,North,0,0,0,0,0,0,0,Index below 8,http://linked.aub.edu.lb/CODEC/Lebanon/observation/Tourism-Bechmizzine
Bednayel El-Koura,Koura,North,3,0,2,0,0,2,0,Index below 8,http://linked.aub.edu.lb/CODEC/Lebanon/observation/Tourism-Bednayel+El-Koura
Bkeftine,Koura,North,0,0,0,0,0,0,0,Index below 8,http://linked.aub.edu.lb/CODEC/Lebanon/observation/Tourism-Bkeftine
Bnehran,Koura,North,0,0,0,0,0,0,0,Index below 8,http://linked.aub.edu.lb/CODEC/Lebanon/observation/Tourism-Bnehran
Bsarma,Koura,North,3,2,0,0,0,2,0,Index below 8,http://linked.aub.edu.lb/CODEC/Lebanon/observation/Tourism-Bsarma
Btaaboura,Koura,North,0,0,0,0,0,0,0,Index below 8,http://linked.aub.edu.lb/CODEC/Lebanon/observation/Tourism-Btaaboura
Bterram,Koura,North,7,2,0,2,2,6,0,Index below 8,http://linked.aub.edu.lb/CODEC/Lebanon/observation/Tourism-Bterram
Btouratij,Koura,North,6,2,1,0,0,3,0,Index below 8,http://linked.aub.edu.lb/CODEC/Lebanon/observation/Tourism-Btouratij
Bziza,Koura,North,0,0,0,0,0,0,0,Index below 8,http://linked.aub.edu.lb/CODEC/Lebanon/observation/Tourism-Bziza
Dar Baaechtar,Koura,North,0,0,0,0,0,0,0,Index below 8,http://linked.aub.edu.lb/CODEC/Lebanon/observation/Tourism-Dar+Baaechtar
Dar Chmizzine,Koura,North,0,0,0,0,0,0,0,Index below 8,http://linked.aub.edu.lb/CODEC/Lebanon/observation/Tourism-Dar+Chmizzine
Deddeh,Koura,North,3,3,0,0,0,3,0,Index below 8,http://linked.aub.edu.lb/CODEC/Lebanon/observation/Tourism-Deddeh
Dhour el hawa,Koura,North,3,3,0,0,0,3,0,Index below 8,http://linked.aub.edu.lb/CODEC/Lebanon/observation/Tourism-Dhour+el+hawa
Enfeh,Koura,North,10,4,14,1,4,23,1,High index (8-10),http://linked.aub.edu.lb/CODEC/Lebanon/observation/Tourism-Enfeh
Fiaa,Koura,North,3,0,1,0,0,1,0,Index below 8,http://linked.aub.edu.lb/CODEC/Lebanon/observation/Tourism-Fiaa
Ijdaabrine,Koura,North,3,1,0,0,0,1,1,Index below 8,http://linked.aub.edu.lb/CODEC/Lebanon/observation/Tourism-Ijdaabrine
Kafr Saroun,Koura,North,3,1,0,0,0,1,0,Index below 8,http://linked.aub.edu.lb/CODEC/Lebanon/observation/Tourism-Kafr+Saroun
Kafraya El-Koura,Koura,North,3,1,0,0,0,1,0,Index below 8,http://linked.aub.edu.lb/CODEC/Lebanon/observation/Tourism-Kafraya+El-Koura
Kaftoun,Koura,North,7,1,1,0,9,11,1,Index below 8,http://linked.aub.edu.lb/CODEC/Lebanon/observation/Tourism-Kaftoun
Kfar Aaqqa,Koura,North,6,2,2,0,0,4,1,Index below 8,http://linked.aub.edu.lb/CODEC/Lebanon/observation/Tourism-Kfar+Aaqqa
Kfar Hazir,Koura,North,3,0,1,0,0,1,1,Index below 8,http://linked.aub.edu.lb/CODEC/Lebanon/observation/Tourism-Kfar+Hazir
Kfarhata,Koura,North,6,2,5,0,0,7,0,Index below 8,http://linked.aub.edu.lb/CODEC/Lebanon/observation/Tourism-Kfarhata+
Kousba,Koura,North,6,1,5,0,0,6,0,Index below 8,http://linked.aub.edu.lb/CODEC/Lebanon/observation/Tourism-Kousba
Majdel el-Koura,Koura,North,0,0,0,0,0,0,1,Index below 8,http://linked.aub.edu.lb/CODEC/Lebanon/observation/Tourism-Majdel+el-Koura
Metrit,Koura,North,0,0,0,0,0,0,1,Index below 8,http://linked.aub.edu.lb/CODEC/Lebanon/observation/Tourism-Metrit
Nakhleh,Koura,North,3,0,1,0,0,1,0,Index below 8,http://linked.aub.edu.lb/CODEC/Lebanon/observation/Tourism-Nakhleh
Qalhat,Koura,North,3,0,1,0,0,1,0,Index below 8,http://linked.aub.edu.lb/CODEC/Lebanon/observation/Tourism-Qalhat
Ras Masqa,Koura,North,9,10,30,5,0,45,1,High index (8-10),http://linked.aub.edu.lb/CODEC/Lebanon/observation/Tourism-Ras+Masqa
Rechdibbine,Koura,North,3,0,1,0,0,1,0,Index below 8,http://linked.aub.edu.lb/CODEC/Lebanon/observation/Tourism-Rechdibbine
Zakroun,Koura,North,0,0,0,0,0,0,0,Index below 8,http://linked.aub.edu.lb/CODEC/Lebanon/observation/Tourism-Zakroun
Aain Et-Tineh-Miniyeh,MiniyehâDanniyeh,North,3,1,0,0,0,1,0,Index below 8,http://linked.aub.edu.lb/CODEC/Lebanon/observation/Tourism-Aain+Et-Tineh-Miniyeh
Aassoun,MiniyehâDanniyeh,North,9,3,5,1,0,9,1,High index (8-10),http://linked.aub.edu.lb/CODEC/Lebanon/observation/Tourism-Aassoun
Aaymar,MiniyehâDanniyeh,North,6,0,3,1,0,4,1,Index below 8,http://linked.aub.edu.lb/CODEC/Lebanon/observation/Tourism-Aaymar
Aazqai,MiniyehâDanniyeh,North,3,5,0,0,0,5,0,Index below 8,http://linked.aub.edu.lb/CODEC/Lebanon/observation/Tourism-Aazqai
Bakhaaoun,MiniyehâDanniyeh,North,9,13,7,1,0,21,0,High index (8-10),http://linked.aub.edu.lb/CODEC/Lebanon/observation/Tourism-Bakhaaoun
Behouaita,MiniyehâDanniyeh,North,3,0,3,0,0,3,0,Index below 8,http://linked.aub.edu.lb/CODEC/Lebanon/observation/Tourism-Behouaita
Beit El-Faqs,MiniyehâDanniyeh,North,0,0,0,0,0,0,0,Index below 8,http://linked.aub.edu.lb/CODEC/Lebanon/observation/Tourism-Beit+El-Faqs
Beit Haouik,MiniyehâDanniyeh,North,0,0,0,0,0,0,0,Index below 8,http://linked.aub.edu.lb/CODEC/Lebanon/observation/Tourism-Beit+Haouik
Borj El-Yahoudiyeh,MiniyehâDanniyeh,North,0,0,0,0,0,0,0,Index below 8,http://linked.aub.edu.lb/CODEC/Lebanon/observation/Tourism-Borj+El-Yahoudiyeh
Bqaa Sefrine,MiniyehâDanniyeh,North,10,5,3,1,2,11,1,High index (8-10),http://linked.aub.edu.lb/CODEC/Lebanon/observation/Tourism-Bqaa+Sefrine
Bqarsouna,MiniyehâDanniyeh,North,0,0,0,0,0,0,0,Index below 8,http://linked.aub.edu.lb/CODEC/Lebanon/observation/Tourism-Bqarsouna
Btermaz,MiniyehâDanniyeh,North,3,1,0,0,0,1,1,Index below 8,http://linked.aub.edu.lb/CODEC/Lebanon/observation/Tourism-Btermaz
Debaal Menie,MiniyehâDanniyeh,North,0,0,0,0,0,0,0,Index below 8,http://linked.aub.edu.lb/CODEC/Lebanon/observation/Tourism-Debaal+Menie
Deir Aammar,MiniyehâDanniyeh,North,6,5,6,0,0,11,0,Index below 8,http://linked.aub.edu.lb/CODEC/Lebanon/observation/Tourism-Deir+Aammar
Deir Nbouh,MiniyehâDanniyeh,North,0,0,0,0,0,0,0,Index below 8,http://linked.aub.edu.lb/CODEC/Lebanon/observation/Tourism-Deir+Nbouh
Haql el Aazimeh,MiniyehâDanniyeh,North,0,0,0,0,0,0,0,Index below 8,http://linked.aub.edu.lb/CODEC/Lebanon/observation/Tourism-Haql+el+Aazimeh
Harf Es-Sayad,MiniyehâDanniyeh,North,3,2,0,0,0,2,1,Index below 8,http://linked.aub.edu.lb/CODEC/Lebanon/observation/Tourism-Harf+Es-Sayad
Hazmiyet-Miniyeh,MiniyehâDanniyeh,North,4,2,0,0,1,3,0,Index below 8,http://linked.aub.edu.lb/CODEC/Lebanon/observation/Tourism-Hazmiyet-Miniyeh
Howara,MiniyehâDanniyeh,North,0,0,0,0,0,0,1,Index below 8,http://linked.aub.edu.lb/CODEC/Lebanon/observation/Tourism-Howara
Izal,MiniyehâDanniyeh,North,6,5,3,0,0,8,0,Index below 8,http://linked.aub.edu.lb/CODEC/Lebanon/observation/Tourism-Izal
Kahef Maloul,MiniyehâDanniyeh,North,3,0,2,0,0,2,0,Index below 8,http://linked.aub.edu.lb/CODEC/Lebanon/observation/Tourism-Kahef+Maloul
Karm El-Mohr,MiniyehâDanniyeh,North,0,0,0,0,0,0,1,Index below 8,http://linked.aub.edu.lb/CODEC/Lebanon/observation/Tourism-Karm+El-Mohr
Kfar Bibnine,MiniyehâDanniyeh,North,3,2,0,0,0,2,1,Index below 8,http://linked.aub.edu.lb/CODEC/Lebanon/observation/Tourism-Kfar+Bibnine
Kfar Chellane,MiniyehâDanniyeh,North,6,6,1,0,0,7,1,Index below 8,http://linked.aub.edu.lb/CODEC/Lebanon/observation/Tourism-Kfar+Chellane
Kfar Habou,MiniyehâDanniyeh,North,3,10,0,0,0,10,0,Index below 8,http://linked.aub.edu.lb/CODEC/Lebanon/observation/Tourism-Kfar+Habou
Kharnoub,MiniyehâDanniyeh,North,0,0,0,0,0,0,0,Index below 8,http://linked.aub.edu.lb/CODEC/Lebanon/observation/Tourism-Kharnoub
Merkebta,MiniyehâDanniyeh,North,6,6,2,0,0,8,0,Index below 8,http://linked.aub.edu.lb/CODEC/Lebanon/observation/Tourism-Merkebta
Minie,MiniyehâDanniyeh,North,9,20,20,1,0,41,1,High index (8-10),http://linked.aub.edu.lb/CODEC/Lebanon/observation/Tourism-Minie
Motel,MiniyehâDanniyeh,North,3,3,0,0,0,3,0,Index below 8,http://linked.aub.edu.lb/CODEC/Lebanon/observation/Tourism-Motel
Mrah Es-Sfire,MiniyehâDanniyeh,North,0,0,0,0,0,0,0,Index below 8,http://linked.aub.edu.lb/CODEC/Lebanon/observation/Tourism-Mrah+Es-Sfire
Mrah Es-Srayj,MiniyehâDanniyeh,North,6,4,2,0,0,6,0,Index below 8,http://linked.aub.edu.lb/CODEC/Lebanon/observation/Tourism-Mrah+Es-Srayj
Nimrine,MiniyehâDanniyeh,North,6,1,3,0,0,4,0,Index below 8,http://linked.aub.edu.lb/CODEC/Lebanon/observation/Tourism-Nimrine
Qarhaiya,MiniyehâDanniyeh,North,3,0,1,0,0,1,1,Index below 8,http://linked.aub.edu.lb/CODEC/Lebanon/observation/Tourism-Qarhaiya
Qarsaita,MiniyehâDanniyeh,North,3,1,0,0,0,1,0,Index below 8,http://linked.aub.edu.lb/CODEC/Lebanon/observation/Tourism-Qarsaita
Qattineh-Miniyeh,MiniyehâDanniyeh,North,3,0,1,0,0,1,0,Index below 8,http://linked.aub.edu.lb/CODEC/Lebanon/observation/Tourism-Qattineh-Miniyeh
Qraine,MiniyehâDanniyeh,North,0,0,0,0,0,0,1,Index below 8,http://linked.aub.edu.lb/CODEC/Lebanon/observation/Tourism-Qraine
Rawda Village,MiniyehâDanniyeh,North,1,0,0,0,4,4,0,Index below 8,http://linked.aub.edu.lb/CODEC/Lebanon/observation/Tourism-Rawda+Village
Rihaniyet Minie,MiniyehâDanniyeh,North,6,3,7,0,0,10,1,Index below 8,http://linked.aub.edu.lb/CODEC/Lebanon/observation/Tourism-Rihaniyet+Minie
Sfireh,MiniyehâDanniyeh,North,3,7,0,0,0,7,0,Index below 8,http://linked.aub.edu.lb/CODEC/Lebanon/observation/Tourism-Sfireh
Sir Ed-Danniyeh,MiniyehâDanniyeh,North,0,0,0,0,0,0,0,Index below 8,http://linked.aub.edu.lb/CODEC/Lebanon/observation/Tourism-Sir+Ed-Danniyeh
Torbol Menie,MiniyehâDanniyeh,North,6,1,5,0,0,6,0,Index below 8,http://linked.aub.edu.lb/CODEC/Lebanon/observation/Tourism-Torbol+Menie
Zaghartaghrine,MiniyehâDanniyeh,North,0,0,0,0,0,0,0,Index below 8,http://linked.aub.edu.lb/CODEC/Lebanon/observation/Tourism-Zaghartaghrine
tarane,MiniyehâDanniyeh,North,6,8,4,0,0,12,1,Index below 8,http://linked.aub.edu.lb/CODEC/Lebanon/observation/Tourism-tarane
Beddaoui,"Tripoli, Lebanon",North,0,0,0,0,0,0,0,Index below 8,http://linked.aub.edu.lb/CODEC/Lebanon/observation/Tourism-Beddaoui
Mina,"Tripoli, Lebanon",North,10,100,50,1,3,154,1,High index (8-10),http://linked.aub.edu.lb/CODEC/Lebanon/observation/Tourism-Mina+
Ouadi Nakhleh,"Tripoli, Lebanon",North,4,5,0,0,2,7,0,Index below 8,http://linked.aub.edu.lb/CODEC/Lebanon/observation/Tourism-Ouadi+Nakhleh
Qalamoun,"Tripoli, Lebanon",North,9,8,5,1,0,14,0,High index (8-10),http://linked.aub.edu.lb/CODEC/Lebanon/observation/Tourism-Qalamoun
Trablous,"Tripoli, Lebanon",North,6,0,0,0,0,0,0,Index below 8,http://linked.aub.edu.lb/CODEC/Lebanon/observation/Tourism-Trablous+
Aachach,Zgharta,North,3,2,0,0,0,2,0,Index below 8,http://linked.aub.edu.lb/CODEC/Lebanon/observation/Tourism-Aachach
Aalma,Zgharta,North,6,2,1,0,0,3,0,Index below 8,http://linked.aub.edu.lb/CODEC/Lebanon/observation/Tourism-Aalma
Aarbet Qozhaiya,Zgharta,North,9,1,2,1,0,4,0,High index (8-10),http://linked.aub.edu.lb/CODEC/Lebanon/observation/Tourism-Aarbet+Qozhaiya
Aarjis,Zgharta,North,9,5,15,1,0,21,0,High index (8-10),http://linked.aub.edu.lb/CODEC/Lebanon/observation/Tourism-Aarjis
Aintourine,Zgharta,North,0,0,0,0,0,0,0,Index below 8,http://linked.aub.edu.lb/CODEC/Lebanon/observation/Tourism-Aintourine
Asnoun,Zgharta,North,0,0,0,0,0,0,0,Index below 8,http://linked.aub.edu.lb/CODEC/Lebanon/observation/Tourism-Asnoun
Ayto,Zgharta,North,6,1,1,0,0,2,0,Index below 8,http://linked.aub.edu.lb/CODEC/Lebanon/observation/Tourism-Ayto
Bchannine,Zgharta,North,0,0,0,0,0,0,0,Index below 8,http://linked.aub.edu.lb/CODEC/Lebanon/observation/Tourism-Bchannine
Beit Obeid,Zgharta,North,9,4,1,1,0,6,0,High index (8-10),http://linked.aub.edu.lb/CODEC/Lebanon/observation/Tourism-Beit+Obeid
Beslouqit,Zgharta,North,0,0,0,0,0,0,1,Index below 8,http://linked.aub.edu.lb/CODEC/Lebanon/observation/Tourism-Beslouqit
Bohayra,Zgharta,North,0,0,0,0,0,0,0,Index below 8,http://linked.aub.edu.lb/CODEC/Lebanon/observation/Tourism-Bohayra
Boussit,Zgharta,North,3,0,2,0,0,2,0,Index below 8,http://linked.aub.edu.lb/CODEC/Lebanon/observation/Tourism-Boussit
Haret Fouar,Zgharta,North,0,0,0,0,0,0,0,Index below 8,http://linked.aub.edu.lb/CODEC/Lebanon/observation/Tourism-Haret+Fouar
Hilan,Zgharta,North,3,1,0,0,0,1,0,Index below 8,http://linked.aub.edu.lb/CODEC/Lebanon/observation/Tourism-Hilan
Ijbaa,Zgharta,North,1,0,0,0,3,3,0,Index below 8,http://linked.aub.edu.lb/CODEC/Lebanon/observation/Tourism-Ijbaa
Kafr horra,Zgharta,North,0,0,0,0,0,0,0,Index below 8,http://linked.aub.edu.lb/CODEC/Lebanon/observation/Tourism-Kafr+horra
Karm Saddeh,Zgharta,North,0,0,0,0,0,0,0,Index below 8,http://linked.aub.edu.lb/CODEC/Lebanon/observation/Tourism-Karm+Saddeh
Kfardlaqous,Zgharta,North,6,3,8,0,0,11,0,Index below 8,http://linked.aub.edu.lb/CODEC/Lebanon/observation/Tourism-Kfardlaqous
Kfarfou,Zgharta,North,3,0,2,0,0,2,0,Index below 8,http://linked.aub.edu.lb/CODEC/Lebanon/observation/Tourism-Kfarfou
Kfarhata Zgharta,Zgharta,North,6,0,0,1,0,1,0,Index below 8,http://linked.aub.edu.lb/CODEC/Lebanon/observation/Tourism-Kfarhata+Zgharta
Kfarsghab,Zgharta,North,4,1,0,0,3,4,1,Index below 8,http://linked.aub.edu.lb/CODEC/Lebanon/observation/Tourism-Kfarsghab
Kfaryachit,Zgharta,North,0,0,0,0,0,0,0,Index below 8,http://linked.aub.edu.lb/CODEC/Lebanon/observation/Tourism-Kfaryachit
Kfarzaina,Zgharta,North,0,0,0,0,0,0,0,Index below 8,http://linked.aub.edu.lb/CODEC/Lebanon/observation/Tourism-Kfarzaina
Mazraat Et-Teffah,Zgharta,North,4,1,0,0,1,2,1,Index below 8,http://linked.aub.edu.lb/CODEC/Lebanon/observation/Tourism-Mazraat+Et-Teffah
Mazraat Harkish,Zgharta,North,0,0,0,0,0,0,0,Index below 8,http://linked.aub.edu.lb/CODEC/Lebanon/observation/Tourism-Mazraat+Harkish
Mazraat Hokka,Zgharta,North,6,1,1,0,0,2,0,Index below 8,http://linked.aub.edu.lb/CODEC/Lebanon/observation/Tourism-Mazraat+Hokka
Mazraat Nahr Zgharta,Zgharta,North,4,1,0,0,1,2,0,Index below 8,http://linked.aub.edu.lb/CODEC/Lebanon/observation/Tourism-Mazraat+Nahr+Zgharta
Mejdlaiya Zgharta,Zgharta,North,3,10,0,0,0,10,0,Index below 8,http://linked.aub.edu.lb/CODEC/Lebanon/observation/Tourism-Mejdlaiya+Zgharta
Miriata,Zgharta,North,6,7,0,0,0,7,0,Index below 8,http://linked.aub.edu.lb/CODEC/Lebanon/observation/Tourism-Miriata
Miziara,Zgharta,North,9,4,4,1,0,9,0,High index (8-10),http://linked.aub.edu.lb/CODEC/Lebanon/observation/Tourism-Miziara
Mzraat Kefraya,Zgharta,North,0,0,0,0,0,0,0,Index below 8,http://linked.aub.edu.lb/CODEC/Lebanon/observation/Tourism-Mzraat+Kefraya
Qarah Bach,Zgharta,North,0,0,0,0,0,0,0,Index below 8,http://linked.aub.edu.lb/CODEC/Lebanon/observation/Tourism-Qarah+Bach
Rachaaine,Zgharta,North,7,3,6,0,2,11,1,Index below 8,http://linked.aub.edu.lb/CODEC/Lebanon/observation/Tourism-Rachaaine
Ras Kifa,Zgharta,North,0,0,0,0,0,0,0,Index below 8,http://linked.aub.edu.lb/CODEC/Lebanon/observation/Tourism-Ras+Kifa
Sebaal Zgharta,Zgharta,North,1,0,0,0,4,4,1,Index below 8,http://linked.aub.edu.lb/CODEC/Lebanon/observation/Tourism-Sebaal+Zgharta
Seraal,Zgharta,North,4,0,0,1,2,3,1,Index below 8,http://linked.aub.edu.lb/CODEC/Lebanon/observation/Tourism-Seraal
Toula,Zgharta,North,4,2,0,0,1,3,0,Index below 8,http://linked.aub.edu.lb/CODEC/Lebanon/observation/Tourism-Toula
Zgharta-Ehden,Zgharta,North,10,16,71,17,1,105,1,High index (8-10),http://linked.aub.edu.lb/CODEC/Lebanon/observation/Tourism-Zgharta-Ehden
A'ain El-Mir (El Establ),Jezzine,South,0,0,0,0,0,0,0,Index below 8,http://linked.aub.edu.lb/CODEC/Lebanon/observation/Tourism-A%27ain+El-Mir+%28El+Establ%29
Aaramta,Jezzine,South,0,0,0,0,0,0,0,Index below 8,http://linked.aub.edu.lb/CODEC/Lebanon/observation/Tourism-Aaramta
Aaray,Jezzine,South,0,0,0,0,0,0,0,Index below 8,http://linked.aub.edu.lb/CODEC/Lebanon/observation/Tourism-Aaray
Aaychiyeh,Jezzine,South,3,0,2,0,0,2,1,Index below 8,http://linked.aub.edu.lb/CODEC/Lebanon/observation/Tourism-Aaychiyeh
Aazour,Jezzine,South,6,0,2,2,0,4,1,Index below 8,http://linked.aub.edu.lb/CODEC/Lebanon/observation/Tourism-Aazour
Anane,Jezzine,South,9,4,4,2,0,10,1,High index (8-10),http://linked.aub.edu.lb/CODEC/Lebanon/observation/Tourism-Anane
Baisour Jezzine,Jezzine,South,0,0,0,0,0,0,0,Index below 8,http://linked.aub.edu.lb/CODEC/Lebanon/observation/Tourism-Baisour+Jezzine
Behnine,Jezzine,South,1,0,0,0,1,1,1,Index below 8,http://linked.aub.edu.lb/CODEC/Lebanon/observation/Tourism-Behnine
Benouati Jezzine,Jezzine,South,0,0,0,0,0,0,0,Index below 8,http://linked.aub.edu.lb/CODEC/Lebanon/observation/Tourism-Benouati+Jezzine
Besri Jezzine,Jezzine,South,3,0,1,0,0,1,1,Index below 8,http://linked.aub.edu.lb/CODEC/Lebanon/observation/Tourism-Besri+Jezzine
Bkassine,Jezzine,South,9,5,20,12,0,37,1,High index (8-10),http://linked.aub.edu.lb/CODEC/Lebanon/observation/Tourism-Bkassine
Bsalya,Jezzine,South,0,0,0,0,0,0,1,Index below 8,http://linked.aub.edu.lb/CODEC/Lebanon/observation/Tourism-Bsalya
Btedine El-Leqch,Jezzine,South,3,0,0,0,0,0,1,Index below 8,http://linked.aub.edu.lb/CODEC/Lebanon/observation/Tourism-Btedine+El-Leqch
Choualiq Jezzine,Jezzine,South,6,1,5,0,0,6,0,Index below 8,http://linked.aub.edu.lb/CODEC/Lebanon/observation/Tourism-Choualiq+Jezzine
Ghbatiyeh,Jezzine,South,0,0,0,0,0,0,0,Index below 8,http://linked.aub.edu.lb/CODEC/Lebanon/observation/Tourism-Ghbatiyeh
Harf,Jezzine,South,0,0,0,0,0,0,0,Index below 8,http://linked.aub.edu.lb/CODEC/Lebanon/observation/Tourism-Harf
Haytoura,Jezzine,South,3,1,0,0,0,1,0,Index below 8,http://linked.aub.edu.lb/CODEC/Lebanon/observation/Tourism-Haytoura
Hidab,Jezzine,South,0,0,0,0,0,0,1,Index below 8,http://linked.aub.edu.lb/CODEC/Lebanon/observation/Tourism-Hidab
Homsiyeh,Jezzine,South,0,0,0,0,0,0,0,Index below 8,http://linked.aub.edu.lb/CODEC/Lebanon/observation/Tourism-Homsiyeh
Jarmaq,Jezzine,South,6,0,1,1,0,2,1,Index below 8,http://linked.aub.edu.lb/CODEC/Lebanon/observation/Tourism-Jarmaq
Jensnaya,Jezzine,South,3,0,1,0,0,1,0,Index below 8,http://linked.aub.edu.lb/CODEC/Lebanon/observation/Tourism-Jensnaya
Jernaya,Jezzine,South,1,0,0,0,1,1,0,Index below 8,http://linked.aub.edu.lb/CODEC/Lebanon/observation/Tourism-Jernaya
Jezzine-Ain Majdelin,Jezzine,South,10,4,4,3,3,14,0,High index (8-10),http://linked.aub.edu.lb/CODEC/Lebanon/observation/Tourism-Jezzine-Ain+Majdelin
Kafr Jarrah,Jezzine,South,0,0,0,0,0,0,0,Index below 8,http://linked.aub.edu.lb/CODEC/Lebanon/observation/Tourism-Kafr+Jarrah
Karkha,Jezzine,South,0,0,0,0,0,0,0,Index below 8,http://linked.aub.edu.lb/CODEC/Lebanon/observation/Tourism-Karkha
Kfar Falous,Jezzine,South,3,1,0,0,0,1,0,Index below 8,http://linked.aub.edu.lb/CODEC/Lebanon/observation/Tourism-Kfar+Falous
Kfar Houneh,Jezzine,South,6,1,2,0,0,3,0,Index below 8,http://linked.aub.edu.lb/CODEC/Lebanon/observation/Tourism-Kfar+Houneh
Lebaa,Jezzine,South,3,0,1,0,0,1,1,Index below 8,http://linked.aub.edu.lb/CODEC/Lebanon/observation/Tourism-Lebaa
Louayzet Jezzine,Jezzine,South,0,0,0,0,0,0,0,Index below 8,http://linked.aub.edu.lb/CODEC/Lebanon/observation/Tourism-Louayzet+Jezzine
Machmoucheh,Jezzine,South,3,0,1,0,0,1,0,Index below 8,http://linked.aub.edu.lb/CODEC/Lebanon/observation/Tourism-Machmoucheh
Maknounet Jezzine,Jezzine,South,3,1,0,0,0,1,0,Index below 8,http://linked.aub.edu.lb/CODEC/Lebanon/observation/Tourism-Maknounet+Jezzine
Mazraat El-Mathane,Jezzine,South,0,0,0,0,0,0,0,Index below 8,http://linked.aub.edu.lb/CODEC/Lebanon/observation/Tourism-Mazraat+El-Mathane
Mharbiyeh,Jezzine,South,3,0,1,0,0,1,0,Index below 8,http://linked.aub.edu.lb/CODEC/Lebanon/observation/Tourism-Mharbiyeh
Midane Jezzine,Jezzine,South,0,0,0,0,0,0,0,Index below 8,http://linked.aub.edu.lb/CODEC/Lebanon/observation/Tourism-Midane+Jezzine
Mjaydel Jezzine,Jezzine,South,7,2,1,0,1,4,1,Index below 8,http://linked.aub.edu.lb/CODEC/Lebanon/observation/Tourism-Mjaydel+Jezzine
Mlikh,Jezzine,South,0,0,0,0,0,0,0,Index below 8,http://linked.aub.edu.lb/CODEC/Lebanon/observation/Tourism-Mlikh
Mrah El-Hbasse,Jezzine,South,3,0,1,0,0,1,0,Index below 8,http://linked.aub.edu.lb/CODEC/Lebanon/observation/Tourism-Mrah+El-Hbasse
Ouadi Baanqoudaine,Jezzine,South,0,0,0,0,0,0,0,Index below 8,http://linked.aub.edu.lb/CODEC/Lebanon/observation/Tourism-Ouadi+Baanqoudaine
Ouadi El-Laymoun,Jezzine,South,3,2,0,0,0,2,0,Index below 8,http://linked.aub.edu.lb/CODEC/Lebanon/observation/Tourism-Ouadi+El-Laymoun
Qatrani,Jezzine,South,3,2,0,0,0,2,0,Index below 8,http://linked.aub.edu.lb/CODEC/Lebanon/observation/Tourism-Qatrani
Qaytouleh,Jezzine,South,0,0,0,0,0,0,0,Index below 8,http://linked.aub.edu.lb/CODEC/Lebanon/observation/Tourism-Qaytouleh
Rihan Jezzine,Jezzine,South,10,3,5,2,2,12,1,High index (8-10),http://linked.aub.edu.lb/CODEC/Lebanon/observation/Tourism-Rihan+Jezzine
Rimat,Jezzine,South,4,0,2,0,5,7,0,Index below 8,http://linked.aub.edu.lb/CODEC/Lebanon/observation/Tourism-Rimat
Roum,Jezzine,South,6,4,2,0,0,6,1,Index below 8,http://linked.aub.edu.lb/CODEC/Lebanon/observation/Tourism-Roum
Sabbah,Jezzine,South,0,0,0,0,0,0,0,Index below 8,http://linked.aub.edu.lb/CODEC/Lebanon/observation/Tourism-Sabbah
Sanaya,Jezzine,South,0,0,0,0,0,0,0,Index below 8,http://linked.aub.edu.lb/CODEC/Lebanon/observation/Tourism-Sanaya
Sfaray,Jezzine,South,9,1,1,1,0,3,0,High index (8-10),http://linked.aub.edu.lb/CODEC/Lebanon/observation/Tourism-Sfaray
Srayri,Jezzine,South,0,0,0,0,0,0,0,Index below 8,http://linked.aub.edu.lb/CODEC/Lebanon/observation/Tourism-Srayri
Taaid,Jezzine,South,0,0,0,0,0,0,1,Index below 8,http://linked.aub.edu.lb/CODEC/Lebanon/observation/Tourism-Taaid
Wadi Jezzine,Jezzine,South,0,0,0,0,0,0,0,Index below 8,http://linked.aub.edu.lb/CODEC/Lebanon/observation/Tourism-Wadi+Jezzine
Zhilta,Jezzine,South,0,0,0,0,0,0,0,Index below 8,http://linked.aub.edu.lb/CODEC/Lebanon/observation/Tourism-Zhilta
Aabra Saida,Sidon,South,3,0,2,0,0,2,0,Index below 8,http://linked.aub.edu.lb/CODEC/Lebanon/observation/Tourism-Aabra+Saida
Aadloun,Sidon,South,3,0,3,0,0,3,0,Index below 8,http://linked.aub.edu.lb/CODEC/Lebanon/observation/Tourism-Aadloun
Aadoussiyeh,Sidon,South,0,0,0,0,0,0,0,Index below 8,http://linked.aub.edu.lb/CODEC/Lebanon/observation/Tourism-Aadoussiyeh
Aain Ed-Delb,Sidon,South,0,0,0,0,0,0,1,Index below 8,http://linked.aub.edu.lb/CODEC/Lebanon/observation/Tourism-Aain+Ed-Delb
Aanqoun,Sidon,South,6,7,2,0,0,9,0,Index below 8,http://linked.aub.edu.lb/CODEC/Lebanon/observation/Tourism-Aanqoun
Aaqtanit,Sidon,South,0,0,0,0,0,0,0,Index below 8,http://linked.aub.edu.lb/CODEC/Lebanon/observation/Tourism-Aaqtanit
Aarab Ej-Jall,Sidon,South,0,0,0,0,0,0,0,Index below 8,http://linked.aub.edu.lb/CODEC/Lebanon/observation/Tourism-Aarab+Ej-Jall
Aarab Tabbaya,Sidon,South,3,0,2,0,0,2,0,Index below 8,http://linked.aub.edu.lb/CODEC/Lebanon/observation/Tourism-Aarab+Tabbaya
Arzai,Sidon,South,6,4,2,0,0,6,0,Index below 8,http://linked.aub.edu.lb/CODEC/Lebanon/observation/Tourism-Arzai
Babliyeh,Sidon,South,6,7,2,0,0,9,0,Index below 8,http://linked.aub.edu.lb/CODEC/Lebanon/observation/Tourism-Babliyeh
Berti,Sidon,South,0,0,0,0,0,0,0,Index below 8,http://linked.aub.edu.lb/CODEC/Lebanon/observation/Tourism-Berti
Bissariyeh,Sidon,South,6,3,4,0,0,7,0,Index below 8,http://linked.aub.edu.lb/CODEC/Lebanon/observation/Tourism-Bissariyeh
Bnaafoul,Sidon,South,0,0,0,0,0,0,0,Index below 8,http://linked.aub.edu.lb/CODEC/Lebanon/observation/Tourism-Bnaafoul
Bqosta,Sidon,South,6,2,3,0,0,5,0,Index below 8,http://linked.aub.edu.lb/CODEC/Lebanon/observation/Tourism-Bqosta
Bramiyeh,Sidon,South,3,1,0,0,0,1,0,Index below 8,http://linked.aub.edu.lb/CODEC/Lebanon/observation/Tourism-Bramiyeh
Darb Es-Sim,Sidon,South,0,0,0,0,0,0,0,Index below 8,http://linked.aub.edu.lb/CODEC/Lebanon/observation/Tourism-Darb+Es-Sim
Erkay,Sidon,South,0,0,0,0,0,0,0,Index below 8,http://linked.aub.edu.lb/CODEC/Lebanon/observation/Tourism-Erkay
Ghassaniyeh,Sidon,South,0,0,0,0,0,0,0,Index below 8,http://linked.aub.edu.lb/CODEC/Lebanon/observation/Tourism-Ghassaniyeh
Ghaziyeh,Sidon,South,6,5,15,0,0,20,1,Index below 8,http://linked.aub.edu.lb/CODEC/Lebanon/observation/Tourism-Ghaziyeh
Hajjeh,Sidon,South,3,0,1,0,0,1,1,Index below 8,http://linked.aub.edu.lb/CODEC/Lebanon/observation/Tourism-Hajjeh
Haret Saida,Sidon,South,6,25,15,0,0,40,0,Index below 8,http://linked.aub.edu.lb/CODEC/Lebanon/observation/Tourism-Haret+Saida
Hlaliyeh Saida,Sidon,South,0,0,0,0,0,0,0,Index below 8,http://linked.aub.edu.lb/CODEC/Lebanon/observation/Tourism-Hlaliyeh+Saida
Insariyeh,Sidon,South,6,5,3,0,0,8,1,Index below 8,http://linked.aub.edu.lb/CODEC/Lebanon/observation/Tourism-Insariyeh
Jenjlaya,Sidon,South,1,0,0,0,1,1,0,Index below 8,http://linked.aub.edu.lb/CODEC/Lebanon/observation/Tourism-Jenjlaya
Kafrya,Sidon,South,0,0,0,0,0,0,0,Index below 8,http://linked.aub.edu.lb/CODEC/Lebanon/observation/Tourism-Kafrya
Kaoutariyet Es-Siyad,Sidon,South,3,3,0,0,0,3,0,Index below 8,http://linked.aub.edu.lb/CODEC/Lebanon/observation/Tourism-Kaoutariyet+Es-Siyad
Kfar Beit,Sidon,South,0,0,0,0,0,0,0,Index below 8,http://linked.aub.edu.lb/CODEC/Lebanon/observation/Tourism-Kfar+Beit
Kfar Chellal,Sidon,South,0,0,0,0,0,0,0,Index below 8,http://linked.aub.edu.lb/CODEC/Lebanon/observation/Tourism-Kfar+Chellal
Kfar Hatta Saida,Sidon,South,3,5,0,0,0,5,0,Index below 8,http://linked.aub.edu.lb/CODEC/Lebanon/observation/Tourism-Kfar+Hatta+Saida
Kfar Melki Saida,Sidon,South,3,0,5,0,0,5,0,Index below 8,http://linked.aub.edu.lb/CODEC/Lebanon/observation/Tourism-Kfar+Melki+Saida
Khartoum,Sidon,South,0,0,0,0,0,0,0,Index below 8,http://linked.aub.edu.lb/CODEC/Lebanon/observation/Tourism-Khartoum
Khayayeb Saida,Sidon,South,0,0,0,0,0,0,0,Index below 8,http://linked.aub.edu.lb/CODEC/Lebanon/observation/Tourism-Khayayeb+Saida
Khzaiz,Sidon,South,0,0,0,0,0,0,0,Index below 8,http://linked.aub.edu.lb/CODEC/Lebanon/observation/Tourism-Khzaiz
Loubieh,Sidon,South,3,3,0,0,0,3,1,Index below 8,http://linked.aub.edu.lb/CODEC/Lebanon/observation/Tourism-Loubieh
Maghdoucheh,Sidon,South,6,2,3,0,0,5,1,Index below 8,http://linked.aub.edu.lb/CODEC/Lebanon/observation/Tourism-Maghdoucheh
Majdelyoun,Sidon,South,3,0,1,0,0,1,0,Index below 8,http://linked.aub.edu.lb/CODEC/Lebanon/observation/Tourism-Majdelyoun
Merouaniyeh,Sidon,South,9,6,3,1,0,10,0,High index (8-10),http://linked.aub.edu.lb/CODEC/Lebanon/observation/Tourism-Merouaniyeh
Miyeh ou Miyeh,Sidon,South,3,2,0,0,0,2,0,Index below 8,http://linked.aub.edu.lb/CODEC/Lebanon/observation/Tourism-Miyeh+ou+Miyeh
Najjariyeh,Sidon,South,3,3,0,0,0,3,0,Index below 8,http://linked.aub.edu.lb/CODEC/Lebanon/observation/Tourism-Najjariyeh
Qaaqaiyet Es-Snaoubar,Sidon,South,0,0,0,0,0,0,0,Index below 8,http://linked.aub.edu.lb/CODEC/Lebanon/observation/Tourism-Qaaqaiyet+Es-Snaoubar
Qennarit,Sidon,South,6,2,2,0,0,4,0,Index below 8,http://linked.aub.edu.lb/CODEC/Lebanon/observation/Tourism-Qennarit
Qounaitra,Sidon,South,0,0,0,0,0,0,0,Index below 8,http://linked.aub.edu.lb/CODEC/Lebanon/observation/Tourism-Qounaitra
Qraiyet Saida,Sidon,South,7,0,0,0,0,0,1,Index below 8,http://linked.aub.edu.lb/CODEC/Lebanon/observation/Tourism-Qraiyet+Saida
Saida,Sidon,South,9,15,30,2,0,47,1,High index (8-10),http://linked.aub.edu.lb/CODEC/Lebanon/observation/Tourism-Saida
Saksakiyeh,Sidon,South,6,5,3,0,0,8,0,Index below 8,http://linked.aub.edu.lb/CODEC/Lebanon/observation/Tourism-Saksakiyeh
Salhiyet Saida,Sidon,South,7,4,10,0,1,15,0,Index below 8,http://linked.aub.edu.lb/CODEC/Lebanon/observation/Tourism-Salhiyet+Saida
Sarafand,Sidon,South,0,0,0,0,0,0,0,Index below 8,http://linked.aub.edu.lb/CODEC/Lebanon/observation/Tourism-Sarafand
Tanbourit,Sidon,South,6,0,3,1,0,4,1,Index below 8,http://linked.aub.edu.lb/CODEC/Lebanon/observation/Tourism-Tanbourit
Teffahta,Sidon,South,6,4,1,0,0,5,0,Index below 8,http://linked.aub.edu.lb/CODEC/Lebanon/observation/Tourism-Teffahta
Zeita,Sidon,South,0,0,0,0,0,0,0,Index below 8,http://linked.aub.edu.lb/CODEC/Lebanon/observation/Tourism-Zeita
Zrariyeh,Sidon,South,6,10,5,0,0,15,1,Index below 8,http://linked.aub.edu.lb/CODEC/Lebanon/observation/Tourism-Zrariyeh
Aabbesiyyi,Tyre,South,10,25,30,4,2,61,0,High index (8-10),http://linked.aub.edu.lb/CODEC/Lebanon/observation/Tourism-Aabbesiyyi
Aalma Ech-Chaab,Tyre,South,6,0,2,1,0,3,1,Index below 8,http://linked.aub.edu.lb/CODEC/Lebanon/observation/Tourism-Aalma+Ech-Chaab
Aaytit,Tyre,South,0,0,0,0,0,0,1,Index below 8,http://linked.aub.edu.lb/CODEC/Lebanon/observation/Tourism-Aaytit
Arzoun,Tyre,South,0,0,0,0,0,0,0,Index below 8,http://linked.aub.edu.lb/CODEC/Lebanon/observation/Tourism-Arzoun
Batoulay,Tyre,South,6,12,4,0,0,16,0,Index below 8,http://linked.aub.edu.lb/CODEC/Lebanon/observation/Tourism-Batoulay
Bazouriyeh,Tyre,South,0,0,0,0,0,0,0,Index below 8,http://linked.aub.edu.lb/CODEC/Lebanon/observation/Tourism-Bazouriyeh
Bedias,Tyre,South,0,0,0,0,0,0,0,Index below 8,http://linked.aub.edu.lb/CODEC/Lebanon/observation/Tourism-Bedias
Bestiyat,Tyre,South,0,0,0,0,0,0,0,Index below 8,http://linked.aub.edu.lb/CODEC/Lebanon/observation/Tourism-Bestiyat
Biyad,Tyre,South,0,0,0,0,0,0,0,Index below 8,http://linked.aub.edu.lb/CODEC/Lebanon/observation/Tourism-Biyad
Borj En-Naqoura,Tyre,South,9,4,8,3,0,15,1,High index (8-10),http://linked.aub.edu.lb/CODEC/Lebanon/observation/Tourism-Borj+En-Naqoura
Borj Rahhal,Tyre,South,6,13,3,0,0,16,1,Index below 8,http://linked.aub.edu.lb/CODEC/Lebanon/observation/Tourism-Borj+Rahhal
Boustane,Tyre,South,0,0,0,0,0,0,0,Index below 8,http://linked.aub.edu.lb/CODEC/Lebanon/observation/Tourism-Boustane
Chaaitiyeh-Malkiyah,Tyre,South,3,5,0,0,0,5,1,Index below 8,http://linked.aub.edu.lb/CODEC/Lebanon/observation/Tourism-Chaaitiyeh-Malkiyah
Chamaa,Tyre,South,0,0,0,0,0,0,0,Index below 8,http://linked.aub.edu.lb/CODEC/Lebanon/observation/Tourism-Chamaa
Chehabiyeh,Tyre,South,3,0,5,0,0,5,1,Index below 8,http://linked.aub.edu.lb/CODEC/Lebanon/observation/Tourism-Chehabiyeh
Chehour,Tyre,South,0,0,0,0,0,0,0,Index below 8,http://linked.aub.edu.lb/CODEC/Lebanon/observation/Tourism-Chehour
Chihine,Tyre,South,0,0,0,0,0,0,0,Index below 8,http://linked.aub.edu.lb/CODEC/Lebanon/observation/Tourism-Chihine
Debaal Sour,Tyre,South,0,0,0,0,0,0,0,Index below 8,http://linked.aub.edu.lb/CODEC/Lebanon/observation/Tourism-Debaal+Sour
Deir Aames,Tyre,South,0,0,0,0,0,0,0,Index below 8,http://linked.aub.edu.lb/CODEC/Lebanon/observation/Tourism-Deir+Aames
Deir Kifa,Tyre,South,0,0,0,0,0,0,0,Index below 8,http://linked.aub.edu.lb/CODEC/Lebanon/observation/Tourism-Deir+Kifa
Deir Qanoun El-Aain,Tyre,South,3,7,0,0,0,7,0,Index below 8,http://linked.aub.edu.lb/CODEC/Lebanon/observation/Tourism-Deir+Qanoun+El-Aain
Deir Qanoun En-Nahr,Tyre,South,6,10,3,0,0,13,1,Index below 8,http://linked.aub.edu.lb/CODEC/Lebanon/observation/Tourism-Deir+Qanoun+En-Nahr
Derdaghaiya,Tyre,South,0,0,0,0,0,0,1,Index below 8,http://linked.aub.edu.lb/CODEC/Lebanon/observation/Tourism-Derdaghaiya
Dhayra,Tyre,South,0,0,0,0,0,0,0,Index below 8,http://linked.aub.edu.lb/CODEC/Lebanon/observation/Tourism-Dhayra
Halloussiyeh,Tyre,South,0,0,0,0,0,0,0,Index below 8,http://linked.aub.edu.lb/CODEC/Lebanon/observation/Tourism-Halloussiyeh
Hanaouay,Tyre,South,6,2,1,0,0,3,1,Index below 8,http://linked.aub.edu.lb/CODEC/Lebanon/observation/Tourism-Hanaouay
Henniyeh,Tyre,South,0,0,0,0,0,0,0,Index below 8,http://linked.aub.edu.lb/CODEC/Lebanon/observation/Tourism-Henniyeh
Hmairi Sour,Tyre,South,0,0,0,0,0,0,0,Index below 8,http://linked.aub.edu.lb/CODEC/Lebanon/observation/Tourism-Hmairi+Sour
Jbal El-Botm,Tyre,South,3,1,0,0,0,1,0,Index below 8,http://linked.aub.edu.lb/CODEC/Lebanon/observation/Tourism-Jbal+El-Botm
Jennata,Tyre,South,0,0,0,0,0,0,0,Index below 8,http://linked.aub.edu.lb/CODEC/Lebanon/observation/Tourism-Jennata
Jouaiya,Tyre,South,6,5,3,0,0,8,1,Index below 8,http://linked.aub.edu.lb/CODEC/Lebanon/observation/Tourism-Jouaiya
Kneisset Sour,Tyre,South,0,0,0,0,0,0,0,Index below 8,http://linked.aub.edu.lb/CODEC/Lebanon/observation/Tourism-Kneisset+Sour
Maarakeh,Tyre,South,6,20,3,0,0,23,0,Index below 8,http://linked.aub.edu.lb/CODEC/Lebanon/observation/Tourism-Maarakeh
Maaroub,Tyre,South,0,0,0,0,0,0,0,Index below 8,http://linked.aub.edu.lb/CODEC/Lebanon/observation/Tourism-Maaroub
Mahrouna,Tyre,South,3,2,0,0,0,2,0,Index below 8,http://linked.aub.edu.lb/CODEC/Lebanon/observation/Tourism-Mahrouna
Majdel,Tyre,South,6,11,3,0,0,14,1,Index below 8,http://linked.aub.edu.lb/CODEC/Lebanon/observation/Tourism-Majdel
Majdelzoun,Tyre,South,3,7,0,0,0,7,1,Index below 8,http://linked.aub.edu.lb/CODEC/Lebanon/observation/Tourism-Majdelzoun
Malkiyah Village,Tyre,South,3,2,0,0,0,2,0,Index below 8,http://linked.aub.edu.lb/CODEC/Lebanon/observation/Tourism-Malkiyah+Village
Mansouri,Tyre,South,0,0,0,0,0,0,0,Index below 8,http://linked.aub.edu.lb/CODEC/Lebanon/observation/Tourism-Mansouri
Mazraat Ez-Zalloutiyeh,Tyre,South,3,4,0,0,0,4,0,Index below 8,http://linked.aub.edu.lb/CODEC/Lebanon/observation/Tourism-Mazraat+Ez-Zalloutiyeh
Mazraat Mechref,Tyre,South,0,0,0,0,0,0,0,Index below 8,http://linked.aub.edu.lb/CODEC/Lebanon/observation/Tourism-Mazraat+Mechref
Merouahine,Tyre,South,0,0,0,0,0,0,0,Index below 8,http://linked.aub.edu.lb/CODEC/Lebanon/observation/Tourism-Merouahine
Qlaileh Sour,Tyre,South,10,10,10,1,1,22,1,High index (8-10),http://linked.aub.edu.lb/CODEC/Lebanon/observation/Tourism-Qlaileh+Sour
Rmadiyeh,Tyre,South,3,4,0,0,0,4,0,Index below 8,http://linked.aub.edu.lb/CODEC/Lebanon/observation/Tourism-Rmadiyeh
Sadiqine,Tyre,South,6,10,4,0,0,14,1,Index below 8,http://linked.aub.edu.lb/CODEC/Lebanon/observation/Tourism-Sadiqine
Selaa,Tyre,South,0,0,0,0,0,0,0,Index below 8,http://linked.aub.edu.lb/CODEC/Lebanon/observation/Tourism-Selaa
Sour,Tyre,South,10,0,0,0,0,0,0,High index (8-10),http://linked.aub.edu.lb/CODEC/Lebanon/observation/Tourism-Sour
Srifa,Tyre,South,3,0,4,0,0,4,0,Index below 8,http://linked.aub.edu.lb/CODEC/Lebanon/observation/Tourism-Srifa
Tayr Debbeh,Tyre,South,7,20,1,0,30,51,1,Index below 8,http://linked.aub.edu.lb/CODEC/Lebanon/observation/Tourism-Tayr+Debbeh
Tayr Falsay,Tyre,South,3,3,0,0,0,3,0,Index below 8,http://linked.aub.edu.lb/CODEC/Lebanon/observation/Tourism-Tayr+Falsay
Tayr Harfa,Tyre,South,0,0,0,0,0,0,0,Index below 8,http://linked.aub.edu.lb/CODEC/Lebanon/observation/Tourism-Tayr+Harfa
Toura,Tyre,South,3,5,0,0,0,5,0,Index below 8,http://linked.aub.edu.lb/CODEC/Lebanon/observation/Tourism-Toura
Yanouh Sour,Tyre,South,3,1,0,0,0,1,0,Index below 8,http://linked.aub.edu.lb/CODEC/Lebanon/observation/Tourism-Yanouh+Sour
Zebqine,Tyre,South,0,0,0,0,0,0,0,Index below 8,http://linked.aub.edu.lb/CODEC/Lebanon/observation/Tourism-Zebqine
